surface,adsorption site,ads initial x,ads initial y,ads initial z,ads final x,ads final y,ads final z,adsorption energy
Li_mp-567337_100,bridge_0,2.5743001074083245,2.574300454508322,20.6096532782,2.5743004059,2.5743002182,20.4343294331,-0.2238777417226231
Li_mp-567337_100,bridge_1,0.8581000559000016,2.574300454508322,20.6096532782,0.8581002013,2.5743005858,20.7510889889,-0.0051848941702094
Li_mp-567337_100,ontop_0,0.8581000558999999,0.8581004029999999,20.6096532782,0.8581000789,0.8581006404,21.1881917257,0.1576621318584548
Li_mp-567337_110,bridge_0,0.4954200288607902,0.7006361242554657,23.965760487599997,0.4954206935,0.7006364065,24.3075832277,-0.190857392189209
Li_mp-567337_110,bridge_1,1.9816928714431616,0.7006361242554657,23.965760487599997,1.9816929166,0.7006363231,24.1826951116,-0.2294246998964917
Li_mp-567337_110,hollow_0,2.642258579257548,0.23354563284062158,23.965760487599997,2.5391029829,0.3064870816,24.1954549872,-0.2292257192551026
Li_mp-567337_110,ontop_0,-4.252000000548935e-06,2.1019075985,23.965760487599997,-4.3369e-06,2.101907353,24.4563930707,-0.1190415782440461
Li_mp-567337_111,bridge_0,4.403692468469409,2.551253241477065,19.9224886017,3.5230330406,2.0410438482,19.236623047,-0.2858191712725546
Li_mp-567337_111,bridge_1,1.9828825055189567,2.551253241477065,19.9224886017,2.9940846144,2.0404375383,19.2144439343,-0.2864400170513138
Li_mp-567337_111,hollow_0,5.612006940477488,3.251283677633532,19.9224886017,5.660921482,3.2796242616,19.6829394755,0.0316860017986833
Li_mp-567337_111,hollow_1,3.1953779964613136,1.8512228053205966,19.9224886017,3.259920475,1.8886234426,19.2160667756,-0.2913644532246245
Li_mp-567337_111,ontop_0,0.7787490524451599,0.45116193300766205,19.9224886017,0.7407877466,0.4291733865,20.4507210918,0.0668499443335975
Li_mp-1063005_100,bridge_0,1.9258910853000004,3.7116750907000013,18.927892363399998,1.9258830401,3.7116780006,19.1480609946,0.2828374930022673
Li_mp-1063005_100,bridge_1,1.925891085299999,1.237258810834759,18.927892363399998,1.925892786,1.2372503697,18.5149949901,-0.1993952124812381
Li_mp-1063005_100,bridge_2,0.48146958529999556,1.237258810834759,18.927892363399998,0.4814662592,1.2372436522,18.44565489,-0.1765515224586905
Li_mp-1063005_100,ontop_0,0.4814695852999999,3.7116750907,18.927892363399998,0.4814676762,3.7116781356,19.2491213062,0.3581099819738408
Li_mp-1063005_110,bridge_0,1.9258890032500022,2.1429077113000012,24.2753438489,1.9258724758,2.142907543,24.5993025843,0.0612905872848489
Li_mp-1063005_110,bridge_1,2.648099026399999,5.012554084099993,24.2753438489,2.2736661528,6.1981553385,24.0339510892,-0.1569290186464032
Li_mp-1063005_110,bridge_2,1.9258876537999992,6.428723308500004,24.2753438489,1.925875838,6.4287232391,24.2957300127,-0.0713909133768384
Li_mp-1063005_110,bridge_3,0.4814673990000017,3.5963848596999974,24.2753438489,0.4814530291,3.5026575943,24.2478985723,-0.0565713903752034
Li_mp-1063005_110,bridge_4,0.48146750324999904,2.1429077112999955,24.2753438489,0.4814583493,2.1429036633,24.4323323609,-0.0341359475445184
Li_mp-1063005_110,hollow_0,1.9258880688666657,5.484610492233338,24.2753438489,1.9258598678,6.163091111,24.1884113171,-0.0706865122735765
Li_mp-1063005_110,hollow_1,0.4814669839333286,4.540497675966671,24.2753438489,0.481455123,4.5686943932,24.4370388343,-0.0038380169466171
Li_mp-1063005_110,ontop_0,1.9258891074999998,0.6894305628999995,24.2753438489,1.9258705078,0.6433060128,24.3522385687,0.0212003690864118
Li_mp-1063005_110,ontop_1,0.4814661537999999,6.4287233085,24.2753438489,0.4814504409,6.428723492,24.3326214341,-0.0285832872213322
Li_mp-1063005_111,bridge_0,0.8383317169113327,2.283945145341097,17.6660652602,0.0050808475,1.4392250636,16.4270728949,-0.3215379039121446
Li_mp-1063005_111,bridge_1,0.2069589566635967,0.9145362309726528,17.6660652602,-0.2823016293,1.2454420901,17.4673987332,-0.1149517619680016
Li_mp-1063005_111,bridge_2,2.6141766849136134,5.59226442035954,17.6660652602,3.7250607767,6.1419372747,16.0661661613,-0.2767479313487471
Li_mp-1063005_111,bridge_3,3.7031453389658755,2.2839451453410997,17.6660652602,4.8984067115,0.93682011,16.4340769825,-0.2495806042928176
Li_mp-1063005_111,bridge_4,2.273160853215875,2.7478197835911002,17.6660652602,2.6144775464,1.4112590759,16.599467511,-0.2131802464918134
Li_mp-1063005_111,hollow_0,4.8122300611037465,1.0339521743788025,17.6660652602,4.9141797901,0.9190520967,17.374726365,-0.0563173978068755
Li_mp-1063005_111,hollow_1,1.2198224528295183,2.9302485988910996,17.6660652602,0.0508575301,1.4900708724,16.4445619048,-0.3217121725206333
Li_mp-1063005_111,hollow_2,3.1296982008658745,2.9302485988910996,17.6660652602,4.8727789346,0.9657124763,16.430788309,-0.2494035424339603
Li_mp-1063005_111,ontop_0,4.842772896165876,3.2951062294910964,17.6660652602,5.6666400445,1.675605992,16.4381794305,-0.3167800477661239
Li_mp-1063005_111,ontop_1,1.9828039246658766,4.222855505991095,17.6660652602,1.7651869359,4.4678840042,16.4115078653,-0.2491127219570154
Ti_mp-72_100,bridge_0,0.47106425929999934,0.8164875238050947,18.622663240300003,0.4710647962,0.8341176716,18.245683563,-1.0666799941551228
Ti_mp-72_100,bridge_1,1.8841863942999997,3.0954904468671054,18.622663240300003,1.8842391874,3.0661143158,19.0913153637,-0.2958197566989972
Ti_mp-72_100,bridge_2,1.8841863942999997,0.8164875238051008,18.622663240300003,1.8841841116,0.8345353103,18.2454809142,-1.1024562435318332
Ti_mp-72_100,ontop_0,0.47106425929999984,3.0954904468671045,18.622663240300003,0.4710297238,3.0590056503,19.2024241558,-0.2141314577151566
Ti_mp-72_110,bridge_0,2.5907202789499997,7.248348019485645,23.3395465279,2.1123896041,5.9671522825,23.4441106984,-1.0729778509127328
Ti_mp-72_110,bridge_1,0.47102228970000076,0.6525966560000017,23.3395465279,0.4709162852,1.8561899053,23.5496125737,-1.0827688282847578
Ti_mp-72_110,bridge_2,0.4710223013000001,1.977748177450001,23.3395465279,0.4710305126,1.9777591505,23.5506304358,-1.084692496029281
Ti_mp-72_110,bridge_3,1.8841739982000012,5.93317412020001,23.3395465279,1.8841406329,5.9331569313,23.4399736321,-1.0762364473591952
Ti_mp-72_110,bridge_4,1.8841444363000006,1.9777481774500028,23.3395465279,1.8841382853,1.9777357932,23.7106193117,-0.9024809683605252
Ti_mp-72_110,hollow_0,0.4710321475333347,7.6867393192475255,23.3395465279,0.4710157727,7.6590243887,23.5951059462,-0.9545727595639494
Ti_mp-72_110,hollow_1,1.8841641403666682,6.809956719723768,23.3395465279,1.8840155108,6.0207089426,23.4292456701,-1.0753002622711116
Ti_mp-72_110,ontop_0,1.8841444478999994,3.3028996989,23.3395465279,1.8849366841,5.7621722421,23.4306859362,-1.0758538890856584
Ti_mp-72_110,ontop_1,0.47105186319999987,5.933174120200004,23.3395465279,0.4710105358,5.9331874288,23.495887791,-1.0497351818995129
Ti_mp-72_111,bridge_0,0.4977555786402724,2.3869295606788348,19.6259350328,-0.8121932617,1.0812547151,19.0287885134,-1.3271945104034033
Ti_mp-72_111,bridge_1,1.6020583670794981,0.1957397541088003,19.6259350328,4.2700861555,0.9183105115,19.3805937594,-1.326728150544566
Ti_mp-72_111,bridge_2,1.842461539627959,2.864247371628835,19.6259350328,4.2881631888,1.0924942055,19.3733576796,-1.3269065797780542
Ti_mp-72_111,bridge_3,5.260337617717178,1.0904777055588015,19.6259350328,4.5194818882,1.0185110662,19.3756580373,-1.326821527824204
Ti_mp-72_111,bridge_4,3.1770701533279593,2.3869295606788348,19.6259350328,4.3673604258,1.0845866132,19.3560053108,-1.3263650906044788
Ti_mp-72_111,hollow_0,0.8274429197195045,3.003387418462168,19.6259350328,-0.7902192764,1.1126642786,19.0351974536,-1.3270356107949062
Ti_mp-72_111,hollow_1,2.6136526361779575,3.003387418462168,19.6259350328,4.3326270112,1.1225634518,19.3593506097,-1.325958403987768
Ti_mp-72_111,hollow_2,4.2395935709374415,1.2243823401154765,19.6259350328,4.4323032425,1.0135328891,19.3666753303,-1.3267151761495193
Ti_mp-72_111,ontop_0,2.198105477377959,1.4921916092288345,19.6259350328,4.2568759305,0.9529567862,19.3714741118,-1.3259075989417803
Ti_mp-72_111,ontop_1,1.4868176018779582,4.236303134028834,19.6259350328,4.2780834347,1.1824475547,19.3719448641,-1.3268563883494533
Ti_mp-46_100,bridge_0,1.467865158850001,4.640855701300004,25.3860830412,1.4195058292,5.6650978225,25.1823278053,-1.0545684843742922
Ti_mp-46_100,bridge_1,2.2017979596000004,1.1602139387000039,25.3860830412,2.2017974187,1.1602141582,25.1566248902,-1.0550235378953488
Ti_mp-46_100,bridge_2,0.7339323581000046,3.480641313900005,25.3860830412,0.7339324999,3.480640834,25.3445084019,-0.5322488750396936
Ti_mp-46_100,hollow_0,2.201798079933335,0.38673768043333384,25.3860830412,2.2017968511,1.0428262146,25.1545188082,-1.0532035877613857
Ti_mp-46_100,hollow_1,0.7339322377666728,2.7071655221666715,25.3860830412,0.7339325512,1.3088969159,25.1960175253,-1.048133581482578
Ti_mp-46_100,ontop_0,2.2017983206,3.4806413139,25.3860830412,2.2017986778,3.4806393889,25.4204057638,-0.4248380124333287
Ti_mp-46_100,ontop_1,0.7339319971000003,1.1602139386999997,25.3860830412,0.7339328283,1.1602139798,25.2012043908,-1.0492685308793
Ti_mp-46_110,bridge_0,4.640855626950001,2.98667928125536,19.176446004200002,4.6286205356,2.9574499694,18.8506512929,-0.7076625514496327
Ti_mp-46_110,bridge_1,1.1602127422000013,4.509356005705358,19.176446004200002,1.1602140017,3.7841724512,18.7060669704,-0.9075245754954326
Ti_mp-46_110,bridge_2,3.4806423617,1.4640025568053594,19.176446004200002,3.4806419227,2.1166461881,18.8098887248,-0.9065563367411184
Ti_mp-46_110,bridge_3,4.6408556269500005,0.4528646650378202,19.176446004200002,4.6328398943,0.4945749382,19.6103880705,-0.3678974449934343
Ti_mp-46_110,hollow_0,1.1602132570333403,3.4942381894053556,19.176446004200002,1.1602137254,3.6768145475,18.7033132648,-0.907392774358895
Ti_mp-46_110,hollow_1,3.4806418468666718,2.4791203731053577,19.176446004200002,3.4806414437,2.2452341556,18.8148947251,-0.9073108285893912
Ti_mp-46_110,ontop_0,1.1602142866999998,1.4640025568053578,19.176446004200002,1.1602144662,3.5377383853,18.7072680247,-0.9078435829031338
Ti_mp-46_110,ontop_1,3.480640817200002,4.509356005705357,19.176446004200002,3.4806466655,2.3946082539,18.8077870296,-0.9072943643320782
Ti_mp-46_111,bridge_0,2.9798650571273404,3.8373828712720175,18.9176128197,2.8905197941,4.1554075266,18.3557372113,-1.4843907694868554
Ti_mp-46_111,bridge_1,1.7152579524184868,1.4038862348770158,18.9176128197,5.1209712172,-0.5071015437,18.2376036681,-1.4850148588639895
Ti_mp-46_111,bridge_2,3.305695034468484,2.3987580854770156,18.9176128197,2.9095218541,4.0757176043,18.3511593872,-1.4848434229636835
Ti_mp-46_111,bridge_3,4.249784468870845,1.4038862348770158,18.9176128197,5.3127990161,-0.4685814804,18.216222706,-1.4843229872497583
Ti_mp-46_111,bridge_4,5.193873903273196,0.4090143842770153,18.9176128197,5.3832894046,-0.5694307374,18.2304250352,-1.484940847936482
Ti_mp-46_111,bridge_5,5.51439157357969,3.837382871272012,18.9176128197,3.070915862,4.2092704444,18.337921977,-1.4844616293329187
Ti_mp-46_111,hollow_0,7.095465925434213,4.316924466537012,18.9176128197,7.8594825961,4.2387198494,17.9755459084,-1.4845879215216264
Ti_mp-46_111,hollow_1,3.933317221725167,3.3578412760070133,18.9176128197,2.960999115,4.151742767,18.3419340023,-1.484666951590757
V_mp-146_100,bridge_0,0.7455973985000007,2.2367946396725893,19.2776554521,0.7455788102,2.236790193,19.5226137682,-0.6606426944521167
V_mp-146_100,bridge_1,2.23679698457259,2.2367946396725893,19.2776554521,2.2367905812,2.2367902295,19.3117861956,-0.9373349485545596
V_mp-146_100,ontop_0,0.7455973984999998,0.7455950535999999,19.2776554521,0.7456008998,0.7455972875,19.8773175588,-0.4238463977234027
V_mp-146_110,bridge_0,1.0539979263360735,0.8830051666678844,22.2877318698,1.0619660619,0.8942824886,22.608338348,-0.7228459221617161
V_mp-146_110,bridge_1,0.6224116794019562,2.0996636352230778,22.2877318698,0.631417646,2.1136207206,22.6391495816,-0.6872620505812579
V_mp-146_110,hollow_0,0.47982271286325107,1.288557989519616,22.2877318698,0.9072644876,1.0005990187,22.6096822697,-0.7225912792401493
V_mp-146_110,ontop_0,1.9133510728863081,2.0996636352230764,22.2877318698,1.9236582583,2.1142519306,22.6671373435,-0.6579132563365773
V_mp-146_111,bridge_0,3.163309249329001,0.6087812455000015,16.0424503273,3.1633142085,1.6525510904,15.5813342919,-1.3372101029175592
V_mp-146_111,bridge_1,3.16330966875,1.8263395447500028,16.0424503273,3.1633092882,1.8263424338,15.575414548,-1.3373503763232937
V_mp-146_111,bridge_2,5.272184347579001,1.8263395447500028,16.0424503273,5.2721873651,2.8489805872,15.9699576822,-0.9003408026327943
V_mp-146_111,bridge_3,3.1633100881709995,3.0438978440000026,16.0424503273,3.1633107725,1.9942578181,15.581316198,-1.3373448442463276
V_mp-146_111,ontop_0,5.2721847670000015,3.0438978440000017,16.0424503273,5.2721876459,3.04389719,15.9854377067,-0.9005476038297403
V_mp-146_111,ontop_1,1.0544345704999998,0.6087812455000001,16.0424503273,1.0544369273,0.608781849,16.5293067917,-0.2032723839128873
Cr_mp-90_100,bridge_0,2.2266740703666734,2.2266779534666687,19.325285836499997,2.2266754027,2.2266721367,18.8424696262,-1.6245191772521983
Cr_mp-90_100,bridge_1,0.7422243937000023,2.2266779534666687,19.325285836499997,0.7422118184,2.226680667,19.1522709001,-1.270058777364679
Cr_mp-90_100,ontop_0,0.7422243937000002,0.7422282767999999,19.325285836499997,0.7422195505,0.7422245614,19.5254694472,-0.9809373435141004
Cr_mp-90_110,bridge_0,0.6111231385726017,0.8652321498217167,21.886390670900003,0.6089358475,0.8621345317,21.9291774106,-1.155013076199311
Cr_mp-90_110,bridge_1,0.18149046518749462,2.076383418323079,21.886390670900003,0.1824113439,2.0827757113,22.0418511249,-1.0165853115453598
Cr_mp-90_110,hollow_0,0.039546927077960696,1.2689492393221713,21.886390670900003,0.524036491,0.9207475422,21.9316235044,-1.1541668574426809
Cr_mp-90_110,ontop_0,1.4665864262863084,2.076383418323077,21.886390670900003,1.4735354819,2.0862134686,22.1630999329,-0.8861403253732668
Cr_mp-90_111,bridge_0,2.0993304964488217,3.6361409648364056,15.7624233932,1.2127631409,3.1242748223,15.6070344589,-1.3560533470658545
Cr_mp-90_111,bridge_1,2.099330585496471,1.2120465517636003,15.7624233932,2.9892472087,1.7258442667,15.2159425444,-1.852183688693572
Cr_mp-90_111,bridge_2,4.198659272803538,2.4240911212364042,15.7624233932,3.2995919397,1.9050153804,15.2124313601,-1.93513113534672
Cr_mp-90_111,bridge_3,3.1489949291500063,1.8180688365000024,15.7624233932,3.148996041,1.8180692596,15.2239160494,-1.852570373571257
Cr_mp-90_111,ontop_0,5.2483238836,3.0301186800999997,15.7624233932,5.2483236604,3.0301152961,15.6402869329,-1.4234373573003425
Cr_mp-90_111,ontop_1,1.0496659747000001,0.6060189928999997,15.7624233932,1.0496612732,0.6060158237,16.1635390412,-0.7615170087059147
Mn_mp-2647025_100,bridge_0,0.28031925711051875,8.550000596606797e-09,23.2560791884,0.189836532,-0.9313198353,23.0671825782,-1.1598110446705387
Mn_mp-2647025_100,bridge_1,0.912765604810521,1.0065487321999995,23.2560791884,0.9183883639,1.0065481159,23.4175827884,-0.5274176433534473
Mn_mp-2647025_100,bridge_2,2.1296809834356307,3.019646284900003,23.2560791884,2.114264063,3.0196462387,23.0027033304,-1.1399177942333758
Mn_mp-2647025_100,hollow_0,0.904769385348039,1.6775812497666658,23.2560791884,0.8698512922,2.9257580552,23.1080917747,-1.1135894463400966
Mn_mp-2647025_100,hollow_1,2.137677202898114,2.3486137673333403,23.2560791884,1.734315383,2.9648993465,23.003548998,-1.1596652255791886
Mn_mp-2647025_100,ontop_0,0.8887769464230759,3.0196462849,23.2560791884,0.8788089074,3.0196461668,23.0984506924,-1.1129922241373744
Mn_mp-2647025_100,ontop_1,2.1536696418230745,1.0065487321999997,23.2560791884,2.1632342512,1.0065486994,23.5061299517,-0.4078688242059987
Mn_mp-2647025_110,bridge_0,2.013097026499999,3.2262774297217622,18.0513517852,2.0130683527,3.2263401863,17.7787190832,-1.4157558920117503
Mn_mp-2647025_110,bridge_1,1.0065485691000027,2.5685784105217624,18.0513517852,1.0065486039,2.7817455648,17.7393771188,-1.502544129819582
Mn_mp-2647025_110,bridge_2,2.0130970265000006,1.075377098899999,18.0513517852,2.0130883096,1.0752575955,18.2944555173,-0.906090434038866
Mn_mp-2647025_110,hollow_0,1.6775808740333324,2.290077646381176,18.0513517852,1.1151691782,2.7836253395,17.7317316438,-1.5018954005142773
Mn_mp-2647025_110,ontop_0,1.0065485690999998,0.41767807969999987,18.0513517852,1.006555785,-1.3413319437,17.732530744,-1.5026935721033172
Mn_mp-2647025_111,bridge_0,3.11925672253912,3.371373272701626,18.3356894295,3.7840403755,4.805935428,17.4843428031,-1.8235998722087745
Mn_mp-2647025_111,bridge_1,5.270157053360881,3.371373272701626,18.3356894295,7.9028462657,4.7953904632,17.4774661452,-1.8232549105724696
Mn_mp-2647025_111,bridge_2,1.4777736625782367,0.26846440620031864,18.3356894295,1.6692739883,0.668591005,17.6153579338,-1.8231204984993965
Mn_mp-2647025_111,bridge_3,2.0438065571282387,1.2660074573003208,18.3356894295,1.7382459974,0.7782710197,17.61952015,-1.823294709960992
Mn_mp-2647025_111,bridge_4,4.194706887950002,1.2660074573003208,18.3356894295,5.8620811794,0.7554632687,17.6214645294,-1.8236876357796563
Mn_mp-2647025_111,bridge_5,2.609839451678239,2.263550508400319,18.3356894295,1.770979903,0.8455823202,17.6157719206,-1.82331739883138
Mn_mp-2647025_111,hollow_0,4.006029256433331,3.7406475274687283,18.3356894295,3.8521659147,4.8230747906,17.4803545327,-1.823594599997002
Mn_mp-2647025_111,hollow_1,1.1381621486709819,0.9334931069336541,18.3356894295,1.6430688505,0.7181720091,17.6178146738,-1.8234601362302405
Mn_mp-2647025_111,hollow_2,2.9494509655854917,1.5985218076669874,18.3356894295,1.8045974416,0.7935792762,17.6187818599,-1.823474518812719
Mn_mp-2647025_111,hollow_3,2.2324841886449036,3.002099017934523,18.3356894295,3.7177817183,4.7532447171,17.4811511578,-1.823225571239432
Mn_mp-2647025_111,ontop_0,4.7607397825,2.2635505084003182,18.3356894295,3.9202119556,4.7282492262,17.4822118556,-1.8237829831642367
Mn_mp-2647025_111,ontop_1,3.6286739934,0.26846440620031825,18.3356894295,5.7941704453,0.6423756965,17.6182337269,-1.8229153585584847
Fe_mp-1271068_100,bridge_0,0.6823919731699601,0.690606678121873,19.0770157872,0.6823926228,0.6906024069,18.8065950983,-1.6147177670296131
Fe_mp-1271068_100,bridge_1,0.6658703859964802,2.071810815800002,19.0770157872,0.6658705879,2.0718202904,19.1134603907,-1.2110972723070903
Fe_mp-1271068_100,hollow_0,0.21645046161096004,1.1510080573479162,19.0770157872,0.6129756777,0.7591980797,18.8147401833,-1.614536475156802
Fe_mp-1271068_100,ontop_0,2.0471733335,2.0718108158,19.0770157872,2.0471734986,2.071814233,19.4184975995,-0.8434122544658423
Fe_mp-1271068_110,bridge_0,1.2364456872206233,0.9825545142000027,17.614648626,0.6929976542,0.9825218153,17.0299924024,-2.9528182609679297
Fe_mp-1271068_110,bridge_1,2.462110239517609,2.947659676700001,17.614648626,1.8968616591,2.9474869819,17.3792089869,-2.334372567492128
Fe_mp-1271068_110,bridge_2,2.4621102395176093,0.9825545142000027,17.614648626,2.9317088718,0.9825444659,16.9606295383,-2.9530809679873693
Fe_mp-1271068_110,ontop_0,1.236445687220623,2.9476596767000003,17.614648626,1.7275274209,2.9496428711,17.3823612458,-2.334648731910044
Fe_mp-1271068_111,bridge_0,1.6478318091909814,1.7557040500074972,21.774156195899998,1.6256213931,1.7409737996,21.7075137997,-1.5720136924964183
Fe_mp-1271068_111,bridge_1,2.873997882866043,1.7557040500074972,21.774156195899998,2.9029064352,1.7666236699,21.8228609365,-1.45726440375227
Fe_mp-1271068_111,hollow_0,2.2091011478596516,2.1382721125048776,21.774156195899998,1.6510227858,1.7620532323,21.7203067244,-1.5725733343960009
Fe_mp-1271068_111,hollow_1,1.086562470522315,1.3731359875101168,21.774156195899998,1.4453543925,1.6220801895,21.7255063062,-1.5717247550475428
Fe_mp-1271068_111,ontop_0,2.4163559405350967,0.6079998625153542,21.774156195899998,2.3918119066,0.6227848358,21.9908514213,-1.268364335729492
Fe_mp-136_100,bridge_0,1.4961780454230766,7.55000058618274e-09,23.133258718000004,1.2804205219,0.8845729927,22.9140550435,-1.2420582889389704
Fe_mp-136_100,bridge_1,2.092573910352642,0.9604836246000005,23.133258718000004,2.0817252478,0.9604836265,22.8510789532,-1.24907675934818
Fe_mp-136_100,bridge_2,0.8997821804935098,2.8814508605000024,23.133258718000004,0.9063153181,2.8814514179,23.3273808542,-0.6124995848763569
Fe_mp-136_100,hollow_0,2.100369418109452,0.32016121323333396,23.133258718000004,2.0878095888,0.9013413484,22.8432849903,-1.2496783870782318
Fe_mp-136_100,hollow_1,0.8919866727367027,3.5217732718666697,23.133258718000004,0.8893974416,4.7061506054,22.9384167877,-1.2416196030751594
Fe_mp-136_100,ontop_0,2.1159604336230764,2.8814508605,23.133258718000004,2.1266692858,2.8814511832,23.4179506075,-0.4759427903750927
Fe_mp-136_100,ontop_1,0.8763956572230764,0.9604836246,23.133258718000004,0.8693579707,0.9604836009,22.9482793764,-1.240794889490067
Fe_mp-136_110,bridge_0,1.420000070808208e-08,3.16205532732458,18.0493310895,2.7117e-06,3.1620477208,17.715656116,-1.268038609825173
Fe_mp-136_110,bridge_1,1.4199999516002202e-08,1.0540130219000008,18.0493310895,1.6072e-06,1.0540079129,18.1785079515,-0.7859531533922786
Fe_mp-136_110,bridge_2,2.881450995800001,1.7606107669999989,18.0493310895,2.8814511126,2.5860613521,17.6548853019,-1.38242519646031
Fe_mp-136_110,hollow_0,2.881450909733336,2.6949071405497222,18.0493310895,2.8814508446,2.6494729338,17.6628338143,-1.3824317911395612
Fe_mp-136_110,ontop_0,0.9604837608000008,1.7606107669999995,18.0493310895,0.9604831691,3.5114138006,17.6583933664,-1.3825417891465943
Fe_mp-136_111,bridge_0,2.4135355812330115,3.398816339515784,17.9436503501,0.3117033768,3.8765943791,17.2710575565,-1.720306208704564
Fe_mp-136_111,bridge_1,4.5168379278920705,3.398816339515784,17.9436503501,4.3699400886,3.866972506,17.01941823,-1.720056756358339
Fe_mp-136_111,bridge_2,1.3699050377306008,1.3873208542375188,17.9436503501,2.1852642732,0.0082526532,17.359669647,-1.72045985651581
Fe_mp-136_111,bridge_3,4.871567800998723,2.325238469187524,17.9436503501,4.3923339762,3.7873777459,17.0159888029,-1.719954954433591
Fe_mp-136_111,bridge_4,3.473207384389662,1.3873208542375188,17.9436503501,4.0081254395,0.5905947496,17.7973384815,-1.0262278031122876
Fe_mp-136_111,bridge_5,2.074846967780603,0.44940323928751796,17.9436503501,2.2377208652,-0.0714442985,17.3666637019,-1.7204614388624038
Fe_mp-136_111,hollow_0,3.697493854636834,3.756675629625206,17.9436503501,4.2806337332,3.9210264775,17.0119694448,-1.7199302750499266
Fe_mp-136_111,hollow_1,5.336182001147306,3.040957049406366,17.9436503501,4.4180876652,3.8367303727,17.0170940709,-1.7200859106521011
Fe_mp-136_111,ontop_0,2.768265454339664,2.3252384691875174,17.9436503501,0.3441421503,3.7650210851,17.2784523654,-1.7203596763869626
Fe_mp-136_111,ontop_1,4.178149314439664,0.44940323928751774,17.9436503501,4.3281115796,3.6321149781,17.0150420145,-1.7200697402785126
Co_mp-102_100,bridge_0,0.6210700280896684,0.6210728072000002,20.5468122616,0.6210715025,0.621081188,20.5157092298,-1.0039147585186965
Co_mp-102_100,bridge_1,0.6210700280896698,1.8632170507103316,20.5468122616,0.621069073,1.8632165649,20.2942662828,-1.2939725584100172
Co_mp-102_100,ontop_0,1.8632142716000002,0.6210728072,20.5468122616,1.8632007417,0.6210768446,20.7102120992,-0.7405576156155457
Co_mp-102_110,bridge_0,1.8632079257000027,2.6350014433959745,17.993797892400003,1.8631972951,2.6349901065,17.5955673782,-1.3448474911803612
Co_mp-102_110,bridge_1,0.6210636821896685,2.6350014433959745,17.993797892400003,0.6210617455,2.6349915634,17.4934855019,-1.55840395024209
Co_mp-102_110,bridge_2,0.6210636821896681,0.8783442077999973,17.993797892400003,0.6210669267,0.8783496611,18.0244911677,-0.7855572560960288
Co_mp-102_110,ontop_0,1.8632079257000003,0.8783442077999999,17.993797892400003,1.8632125852,0.8783435435,18.2023120604,-0.5898881754487761
Co_mp-102_111,bridge_0,-0.6210543149655,1.7928532771445518,21.9353948235,-0.6166332163,1.7903104787,21.9110709999,-0.7970547814526705
Co_mp-102_111,hollow_0,-1.2421264367206644,2.1514294338260687,21.9353948235,-1.2421244299,2.1514320076,21.8881583593,-0.8381148343575718
Co_mp-102_111,hollow_1,1.7806789667662242e-05,1.434277120463034,21.9353948235,2.31431e-05,1.4342760544,21.8795557506,-0.8405587609406971
Co_mp-102_111,ontop_0,1.2421620503000002,0.7171248071,21.9353948235,1.2421581384,0.7171102332,22.1274325227,-0.566628238083071
Co_mp-2647057_100,bridge_0,0.7011680072999992,2.103469700261071,18.8212438866,0.7011661974,2.1034758796,18.6198550893,-1.1526674303902191
Co_mp-2647057_100,bridge_1,2.1034880082610696,2.103469700261071,18.8212438866,2.103481565,2.1034719988,18.2820973092,-1.6198009449871251
Co_mp-2647057_100,ontop_0,0.7011680072999997,0.7011496992999999,18.8212438866,0.7011202552,0.7011016907,18.9090602629,-0.8053682546355818
Co_mp-2647057_110,bridge_0,1.5948102583981312e-06,1.717455115551279,21.682305463700004,-1.6488e-06,1.717462301,21.5493002511,-0.9644349464429736
Co_mp-2647057_110,bridge_1,0.40481650983269324,0.5724656294000001,21.682305463700004,0.4048448076,0.5724552681,21.6601824942,-0.8215387528984716
Co_mp-2647057_110,hollow_0,-0.5397516252196549,2.099118277601707,21.682305463700004,-0.2136186282,1.8685363016,21.5339712743,-1.469054812209277
Co_mp-2647057_110,ontop_0,1.6192612548999998,0.5724656293999998,21.682305463700004,1.6192420653,0.5724668556,21.8424253563,-0.604687028668681
Co_mp-2647057_111,bridge_0,4.0385117390437095,2.624446696296176,18.235130764,3.9907277089,2.6521776863,17.2600777576,-3.059155818885816
Co_mp-2647057_111,bridge_1,4.9891106250437085,2.072825941646177,18.235130764,4.371423208,2.4312692361,17.4400170328,-2.426456139659154
Co_mp-2647057_111,bridge_2,3.0431442576454115,0.9091489532889366,18.235130764,3.5820788609,0.5962159183,17.3974768023,-2.425083325887143
Co_mp-2647057_111,bridge_3,3.08791285304371,3.1760674509461753,18.235130764,3.8739871181,2.719905436,17.2614495721,-3.058554791173782
Co_mp-2647057_111,ontop_0,3.993743143645407,0.35752819863893626,18.235130764,3.954300123,0.3804173059,17.4184637557,-2.2156131428991377
Ni_mp-23_100,bridge_0,1.8429852240000002,0.6143185712467454,20.6792500516,1.8429798949,0.6143090381,20.7140471153,-0.7785209064331088
Ni_mp-23_100,bridge_1,0.6143356194467442,0.6143185712467454,20.6792500516,0.6143383489,0.6143017183,20.4943799424,-1.0570884396093143
Ni_mp-23_100,ontop_0,1.842985223999999,1.8429681757999996,20.6792500516,1.8429724854,1.8429779926,20.9131647263,-0.5308959827376396
Ni_mp-23_110,bridge_0,1.8429806747999973,2.6063602369635475,18.1012218391,1.8429631965,2.6063668115,17.713583997,-1.1712814769968247
Ni_mp-23_110,bridge_1,0.6143310702467452,2.6063602369635475,18.1012218391,0.6143264902,2.6063592149,17.5818817527,-1.3963445867588196
Ni_mp-23_110,bridge_2,0.6143310702467447,0.8687873027999994,18.1012218391,0.6143277248,0.868785799,18.1220402172,-0.6641245481842452
Ni_mp-23_110,ontop_0,1.8429806747999993,0.8687873027999999,18.1012218391,1.8429862376,0.868811743,18.3347641956,-0.4560592557651642
Ni_mp-23_111,bridge_0,-0.8190991900298799,1.4187230308928234,22.033472181700002,-0.8105529955,1.4136009706,22.0551021338,-0.6958094057439955
Ni_mp-23_111,hollow_0,1.0238752167999992,1.7734036208570965,22.033472181700002,1.0238821139,1.7734145111,22.0262020245,-0.7436893021723905
Ni_mp-23_111,hollow_1,-0.2047743877532528,1.0640424409285487,22.033472181700002,-0.2048218502,1.0642089419,22.0226181474,-0.7458088389304192
Ni_mp-23_111,ontop_0,1.0238752167999996,0.354681261,22.033472181700002,1.0239259819,0.3546635293,22.2695465721,-0.4592316669007215
Cu_mp-30_100,bridge_0,1.897218538207832,0.63240561099217,20.9333533341,1.8972163949,0.6324054158,20.8222249216,-0.7868844826069595
Cu_mp-30_100,bridge_1,1.89721853820783,1.8972183541,20.9333533341,1.8972203594,1.8972236389,21.0212295468,-0.5983014790949585
Cu_mp-30_100,ontop_0,0.6324057950999998,1.8972183540999998,20.9333533341,0.6324028991,1.8972122386,21.233719144,-0.4288623825708936
Cu_mp-30_110,bridge_0,1.8972190398000002,2.6830754732654127,18.2883272649,1.8972204418,2.6830738963,17.9082559966,-0.9597209537131146
Cu_mp-30_110,bridge_1,0.6324062966921703,0.8943601381000001,18.2883272649,0.6324047488,0.8943632635,18.3506609714,-0.4647625050418297
Cu_mp-30_110,bridge_2,0.6324062966921706,2.6830754732654127,18.2883272649,0.6324082606,2.6830682327,17.7380594693,-1.1681124591203729
Cu_mp-30_110,ontop_0,1.8972190397999995,0.8943601380999999,18.2883272649,1.8972201184,0.8943620151,18.5743434046,-0.3087441526309377
Cu_mp-30_111,bridge_0,0.42160406124608285,1.4604794323616619,22.3384510795,0.4313329302,1.4660928928,22.3895160384,-0.4968260228368863
Cu_mp-30_111,hollow_0,1.054010432799996,1.8255994212155497,22.3384510795,1.0540130425,1.8256034212,22.3497953537,-0.5449845721589
Cu_mp-30_111,hollow_1,-0.2108023103078316,1.095359443507775,22.3384510795,-0.2108032757,1.0953605169,22.3554654385,-0.5291806549945457
Cu_mp-30_111,ontop_0,1.0540104327999995,0.3651194657999995,22.3384510795,1.0540135177,0.3651218406,22.5788509465,-0.3697968061551923
Cu_mp-989782_100,bridge_0,1.5536482305730779,4.112569723199999,23.561051837,1.2757606467,5.0505192962,23.2080248445,-0.9416002552316824
Cu_mp-989782_100,bridge_1,2.174726300153202,1.0281410496999988,23.561051837,2.1666577624,1.0281411189,23.0823349733,-0.9858591360989332
Cu_mp-989782_100,bridge_2,0.9325701609929526,3.084427396699999,23.561051837,0.9314688669,3.0844271474,23.5693509798,-0.4820370745654677
Cu_mp-989782_100,hollow_0,2.1827111945098268,0.34271283203333125,23.561051837,2.1733919634,0.9329347391,23.0807521099,-0.9842048734590396
Cu_mp-989782_100,hollow_1,0.9245852666363272,3.769855614366665,23.561051837,0.9197220322,5.0316992138,23.2317654551,-0.9423906674897814
Cu_mp-989782_100,ontop_0,2.198680983223076,3.0844273967,23.561051837,2.2036007714,3.084426882,23.6903195902,-0.321145632532562
Cu_mp-989782_100,ontop_1,0.9086154779230764,1.0281410496999999,23.561051837,0.898431025,1.0281419811,23.2340623314,-0.9425317626782204
Cu_mp-989782_110,bridge_0,2.0562847322499955,1.0973047889344485,18.2876811627,2.056282004,1.097298688,17.7765161306,-1.1647904056950744
Cu_mp-989782_110,bridge_1,3.084427082299999,4.0136360821,18.2876811627,3.0844275826,4.8811104341,17.7034025967,-1.30970840353862
Cu_mp-989782_110,bridge_2,2.0562847322500004,3.2918968808,18.2876811627,2.0562873749,3.2918927866,18.3080277642,-0.6383896387507911
Cu_mp-989782_110,hollow_0,3.0844273489333327,0.6063538254125977,18.2876811627,3.0844277363,0.5544003032,17.701615429,-1.3097281916691772
Cu_mp-989782_110,ontop_0,1.0281415822999997,4.0136360821,18.2876811627,1.0281420927,5.8648235798,17.702038897,-1.3098476497140403
Cu_mp-989782_111,bridge_0,2.9281747502499993,1.393148489669025,18.4845564752,3.6519328778,0.0926639123,17.5638625069,-1.533688394817473
Cu_mp-989782_111,bridge_1,2.19419219273445,2.3832777129690226,18.4845564752,1.5613327402,4.1376508478,17.4188551079,-1.5339557005612834
Cu_mp-989782_111,bridge_2,0.7335826583844505,1.393148489669025,18.4845564752,3.4731964233,0.0997553618,17.562223014,-1.5340613188909251
Cu_mp-989782_111,bridge_3,3.6621573077655567,0.40301926636902785,18.4845564752,3.6945337547,0.0325806055,17.5575893038,-1.5338291308167562
Cu_mp-989782_111,bridge_4,4.025470796182775,3.5435182078121352,18.4845564752,1.7067867898,4.2309008519,17.4229118726,-1.5340184350844712
Cu_mp-989782_111,bridge_5,1.8308787043172237,3.5435182078121352,18.4845564752,1.5383508122,4.2272572986,17.4225635596,-1.534084275788912
Cu_mp-989782_111,hollow_0,2.6835138977448194,3.1567713761977645,18.4845564752,1.606241819,4.1948637082,17.4219574373,-1.5335375497817223
Cu_mp-989782_111,hollow_1,5.367427694620739,3.9302650394265046,18.4845564752,5.8598768767,4.254927394,17.4235031847,-1.5340074498415277
Cu_mp-989782_111,ontop_0,4.3887842846,2.3832777129690217,18.4845564752,3.7633250187,0.1585193324,17.5608704096,-1.533710495914225
Cu_mp-989782_111,ontop_1,1.4675652158999999,0.40301926636902174,18.4845564752,3.5182265009,0.0276551423,17.5535884481,-1.533031444953494
Zn_mp-79_100,bridge_0,1.307173701199999,2.436578228950001,24.050933451100004,0.7431819831,1.3859391008,23.6120235355,-0.7869901812072168
Zn_mp-79_100,bridge_1,0.6535788349999975,1.2182944633,24.050933451100004,0.6535820097,1.218293755,23.7179973739,-0.7169216956114887
Zn_mp-79_100,bridge_2,1.960768567400002,3.654861994600002,24.050933451100004,1.9607803975,3.6548600009,23.7217271564,-0.7166674554180951
Zn_mp-79_100,hollow_0,0.6535821124666645,2.030483640400002,24.050933451100004,0.6535516329,1.3373396119,23.7057824953,-0.7180099529670025
Zn_mp-79_100,hollow_1,1.960765289933335,4.467059824166667,24.050933451100004,1.9607622714,5.5576401411,23.7584442304,-0.7047166738535395
Zn_mp-79_100,ontop_0,0.6535886673999999,3.6548619946,24.050933451100004,0.6536079966,3.6548892677,23.8228588054,-0.6881152232078422
Zn_mp-79_100,ontop_1,1.9607587349999998,1.2182944632999997,24.050933451100004,1.9607645613,1.2182962986,23.8125654178,-0.6884604651254088
Zn_mp-79_110,bridge_0,4.873160949600005,1.1320571900671963,18.600829061400002,4.8731608632,1.1320534917,17.9755852369,-1.0876403532523504
Zn_mp-79_110,bridge_1,3.654868292600003,0.5299599399671963,18.600829061400002,3.654914866,0.6878862683,17.783530634,-1.275287005687246
Zn_mp-79_110,bridge_2,2.436580439599999,3.3961591914999993,18.600829061400002,2.4365552944,3.396093429,18.03563029,-0.9877759329664664
Zn_mp-79_110,hollow_0,4.4670633972666725,0.17665743955626076,18.600829061400002,3.3783831567,0.9870175535,17.7461471296,-1.653632605133247
Zn_mp-79_110,ontop_0,1.2182925866000003,3.9982564416,18.600829061400002,1.2183206801,1.7854271818,17.7811996532,-1.275606278403291
Zn_mp-79_111,bridge_0,1.6855858194171924,3.2922252499791815,19.030650627800004,-0.6550775067,4.0664997154,18.2440610328,-1.3101998114892175
Zn_mp-79_111,bridge_1,4.375262822332794,1.8244256338791824,19.030650627800004,4.7949012534,1.5733765874,18.1195781696,-1.30997422762252
Zn_mp-79_111,bridge_2,3.9496878208499995,3.2922252499791815,19.030650627800004,3.7297412895,3.9514465493,18.2398091541,-1.3076769405538218
Zn_mp-79_111,bridge_3,0.553534818700791,0.7747840574040866,19.030650627800004,0.5867624295,1.1523793292,18.1142279975,-1.274855266892158
Zn_mp-79_111,bridge_4,3.5241128193671973,4.760024866079183,19.030650627800004,3.6460153386,4.183809843,18.245635045,-1.310678709001038
Zn_mp-79_111,bridge_5,2.817636820133599,0.7747840574040866,19.030650627800004,4.7626351534,1.4644925573,18.1309026677,-1.3085834543308237
Zn_mp-79_111,hollow_0,4.846246821821865,2.802958711279183,19.030650627800004,3.8159984607,3.9261517365,18.2620532001,-1.3084313017850435
Zn_mp-79_111,hollow_1,1.5437274855895986,0.4249035319123897,19.030650627800004,1.4010865272,-0.7300639426,17.970883066,-1.310480416806434
Zn_mp-79_111,hollow_2,4.0915461546776015,1.124664582895786,19.030650627800004,4.8641771743,1.3749428595,18.0978117869,-1.3025223612441637
Zn_mp-79_111,hollow_3,3.0531288198781312,3.781491788679183,19.030650627800004,3.5754449514,4.0549749381,18.2139828565,-1.3061195613806438
Zn_mp-79_111,ontop_0,2.1111608209,1.8244256338791807,19.030650627800004,4.5888522929,1.6768305745,18.0988141933,-1.3106209242305178
Zn_mp-79_111,ontop_1,5.7882148207999995,4.760024866079181,19.030650627800004,6.9734386957,4.6711036254,17.7326847136,-1.419739172936749
Zn_mp-2646972_100,bridge_0,0.6946540604,2.083976381600001,21.751717344699998,0.6946554748,2.0840082337,21.7032343275,-0.5579615650083671
Zn_mp-2646972_100,bridge_1,0.6946540603999991,0.6946699466000006,21.751717344699998,0.6941868403,0.6945347196,21.2599783941,-0.9430508228558826
Zn_mp-2646972_100,ontop_0,2.0839604954,2.0839763816,21.751717344699998,2.0839649774,2.0839886761,22.0658633899,-0.2943314781561528
Zn_mp-2646972_110,bridge_0,2.083959484300002,2.9471608224692103,18.8913014414,2.0839310182,2.9471572683,18.3510809732,-0.8062825835269236
Zn_mp-2646972_110,bridge_1,0.6946530493000002,2.9471608224692103,18.8913014414,0.6946192382,2.9472118766,18.260807516,-0.9905276953138992
Zn_mp-2646972_110,bridge_2,0.6946530492999998,0.982384819799997,18.8913014414,0.6946509902,0.9823820655,18.9688795033,-0.3777705763033746
Zn_mp-2646972_110,ontop_0,2.083959484299999,0.9823848197999999,18.8913014414,2.0839626219,0.9823805196,19.2129265651,-0.1745628698080617
Zn_mp-2646972_111,bridge_0,-0.4630682228999975,2.4063216574511914,23.289168081,0.0443840826,2.1133500846,23.15999191,-0.5859065666645665
Zn_mp-2646972_111,hollow_0,0.2315849946000016,0.4010305468658716,23.289168081,0.2315907519,0.4010382852,23.2013515171,-0.5591947012998575
Zn_mp-2646972_111,hollow_1,0.23158499459999915,2.0052634353341303,23.289168081,0.2315711732,2.0052552492,23.1701632718,-0.5880485814037694
Zn_mp-2646972_111,ontop_0,1.6208914296,1.2031469910999997,23.289168081,1.6209039828,1.2031252397,23.4914196165,-0.3249649960655218
Al_mp-134_100,bridge_0,2.1419678041000045,2.141969756119403,22.043059714499996,2.1419630871,2.1419685373,22.23428239,-0.4084272048549839
Al_mp-134_100,bridge_1,0.7139905162806065,2.141969756119403,22.043059714499996,0.7139886934,2.141967748,21.9159821272,-0.7009274809635753
Al_mp-134_100,ontop_0,2.1419678041,0.7139924682999998,22.043059714499996,2.1419714158,0.7139960975,22.5451712467,-0.1962803969940792
Al_mp-134_110,bridge_0,2.1419880880194047,3.029196305594946,19.0524141134,2.1419662526,3.0291920542,18.5817694468,-0.8642183099599297
Al_mp-134_110,bridge_1,0.7140108002000056,3.029196305594946,19.0524141134,0.7140711158,3.0291957056,18.7871613852,-0.5370020004849072
Al_mp-134_110,bridge_2,2.141988088019404,1.0097314584000014,19.0524141134,2.141980567,1.0097304731,19.208801038,-0.388475247180668
Al_mp-134_110,ontop_0,0.7140108001999999,1.0097314583999997,19.0524141134,0.7140525133,1.0097294777,19.5900026411,-0.0558603102334763
Al_mp-134_111,bridge_0,0.9519863342903002,5.951211962134993e-07,23.646805257199997,1.4846425813,-0.3075284961,23.6996191112,-0.4694300275031917
Al_mp-134_111,hollow_0,0.23799769038060037,0.41222213088079834,23.646805257199997,0.2380070123,0.4122332685,23.7170347057,-0.4526061386285104
Al_mp-134_111,hollow_1,0.23799769038060414,2.0611082739192033,23.646805257199997,0.2380070683,2.0610962676,23.6929183821,-0.4725558853766109
Al_mp-134_111,ontop_0,1.6659749782000002,1.2366652024,23.646805257199997,1.6659369191,1.2366890494,24.1481372578,-0.1472836236248369
Al_mp-2647008_100,bridge_0,2.812454918799999,3.25230000108007e-06,24.9041270603,3.3131829225,-1.0503075061,24.3232452816,-0.7056048498701895
Al_mp-2647008_100,bridge_1,2.109340652999997,1.216715872800001,24.9041270603,2.1093409917,1.2167175885,25.0826593806,-0.2484181917892193
Al_mp-2647008_100,bridge_2,0.7031138346000012,3.6501406318000003,24.9041270603,0.7031118385,3.6501386044,24.4559576168,-0.6096252093217039
Al_mp-2647008_100,hollow_0,2.1093409385333315,0.40557412579999963,24.9041270603,2.1093407206,-0.5345085655,24.6030255326,-0.5097693170884156
Al_mp-2647008_100,hollow_1,0.7031135490666671,2.8389990454666667,24.9041270603,0.7030931781,3.4915441757,24.458837566,-0.6078488953891044
Al_mp-2647008_100,ontop_0,2.1093415096,3.6501406318,24.9041270603,2.1093591749,3.6501454502,24.6267401546,-0.5063725125841149
Al_mp-2647008_100,ontop_1,0.7031129779999999,1.2167158727999998,24.9041270603,0.7031183007,1.2167164136,25.376618332,0.0440639560846422
Al_mp-2647008_110,bridge_0,1.2167136076999974,1.181759592683476,19.4170843577,1.2167137695,1.2208630273,18.6067652702,-0.9303105256491015
Al_mp-2647008_110,bridge_1,2.433425425250001,4.356808153115243,19.4170843577,3.1540478704,3.3249371849,18.7741002529,-0.7842886606279563
Al_mp-2647008_110,bridge_2,2.433425425250007,1.9312081906993601,19.4170843577,2.4457358303,1.9881739393,18.7664076868,-0.7504917657672241
Al_mp-2647008_110,hollow_0,2.0278548193999946,0.8728586705554374,19.4170843577,1.4127769272,1.2003791127,18.5904127285,-0.9264107456271544
Al_mp-2647008_110,ontop_0,1.2167136077000005,3.607359555099359,19.4170843577,1.2167115317,5.8724245319,19.0203707331,-0.9307195578899432
Al_mp-2647008_111,bridge_0,6.349121711464186,3.8774129380465405,18.260295972,6.6730755513,4.7643184975,17.2832116829,-1.1038625422884798
Al_mp-2647008_111,bridge_1,3.9134639313547352,3.8774129380465405,18.260295972,6.4667970013,4.8065529593,17.2959604872,-1.104304028205631
Al_mp-2647008_111,bridge_2,5.922431026709458,2.539099714479446,18.260295972,5.8365883627,2.0111973302,17.4900589252,-0.8705975247213832
Al_mp-2647008_111,bridge_3,2.6956350413000028,1.3537703715794518,18.260295972,1.0579631226,1.7748598017,17.4537062208,-0.8704139579774701
Al_mp-2647008_111,bridge_4,4.340154616109459,0.16844102867945063,18.260295972,4.1685874444,-0.4132578514,18.1089543063,-0.4962291271732146
Al_mp-2647008_111,bridge_5,5.131292821409457,1.3537703715794518,18.260295972,5.3789852698,1.3559283948,17.3410722967,-0.8663572987924105
Al_mp-2647008_111,hollow_0,5.395005556509462,3.4313085301908433,18.260295972,6.6092894178,4.715407357,17.2808854023,-1.1040377945890392
Al_mp-2647008_111,hollow_1,2.4319223062000037,4.323517345902234,18.260295972,1.9089358242,4.8055047384,17.2803453204,-1.104384613406182
Al_mp-2647008_111,hollow_2,1.3355759229937003,1.7488801525461173,18.260295972,1.0014913584,1.9401589992,17.4975276691,-0.8709392699727454
Al_mp-2647008_111,hollow_3,4.05569415960631,0.9586605906127841,18.260295972,4.2756415214,-0.0677544786,16.9033099759,-1.1043896257459933
Al_mp-2647008_111,ontop_0,3.4867732466,2.5390997144794443,18.260295972,3.199504295,6.2697124678,17.7928632931,-0.8657501104156197
Al_mp-2647008_111,ontop_1,1.9044968359999999,0.16844102867944458,18.260295972,1.0045744529,1.7048668558,17.4683883536,-0.8709918791329138
Si_mp-149_100,bridge_0,0.6415459785605407,0.9623214921000017,18.802583014900005,0.6415454395,0.962320888,18.5100945195,-1.1749304794767257
Si_mp-149_100,bridge_1,2.5661854091000027,2.886960922639466,18.802583014900005,2.5661919879,2.8869616954,18.408797677,-1.1833596759416436
Si_mp-149_100,bridge_2,0.6415459785605462,2.886960922639461,18.802583014900005,0.6415418525,2.8869558585,17.7681160789,-1.6761698077139309
Si_mp-149_100,ontop_0,2.5661854091,0.9623214920999997,18.802583014900005,2.566183427,0.9623246036,19.2053362344,-0.5660104032449317
Si_mp-149_110,bridge_0,3.849278513939462,4.082835835296936,21.497887986999995,3.8491749122,4.0828922991,20.8035307478,-1.3874545529901905
Si_mp-149_110,bridge_1,0.9623195725605421,0.7516841220000009,21.497887986999995,0.9623200289,-0.6077688888,20.4598972318,-1.9235273821261865
Si_mp-149_110,bridge_2,1.9246390834000051,1.3609846499500011,21.497887986999995,1.9247810018,1.3610346452,21.7040303153,-0.6413858329428119
Si_mp-149_110,hollow_0,0.9623194362737005,4.787019387762581,21.497887986999995,0.9623205612,4.706098179,20.469300004,-1.922858793946382
Si_mp-149_110,ontop_0,2.886959003100001,0.7516841219999999,21.497887986999995,2.8869610782,3.2538020935,20.4763015572,-1.9227185232610629
Si_mp-149_111,bridge_0,2.038362047872465,0.06751297339006486,24.1998954824,2.0409967529,-0.9292106544,23.9631128339,-1.3908488159496175
Si_mp-149_111,bridge_1,1.0946467489157563,0.6332986743400659,24.1998954824,0.2843118327,0.1644814714,23.6822762891,-1.343369074048726
Si_mp-149_111,bridge_2,4.897794926010179,2.833579998319288,24.1998954824,4.0680432914,2.3535338448,24.1502397985,-1.389861912894354
Si_mp-149_111,bridge_3,2.9962208374629675,1.7334393363296745,24.1998954824,3.8477240821,2.2260695864,24.1546038485,-1.3909392258261055
Si_mp-149_111,bridge_4,0.11669503521575164,0.06751297339006486,24.1998954824,0.1232809968,0.0713231412,23.6924161524,-1.3477860611502468
Si_mp-149_111,ontop_0,2.01826912376296,1.1676536353796763,24.1998954824,1.9867050877,1.1493889588,24.7794351164,-0.5057581689697063
Si_mp-149_111,ontop_1,3.97417255116296,2.2992250372796765,24.1998954824,3.9536727193,2.2873662117,24.1478644131,-1.391244373105031
Ga_mp-10021_100,bridge_0,2.5354902959999954,3.714422359650882,25.4876506322,2.5358181021,2.756812524,24.4054494378,-0.971150475063332
Ga_mp-10021_100,bridge_1,0.8946859009999976,3.714422359650882,25.4876506322,0.8926441323,3.6103995675,24.8878111831,-0.6224274655272405
Ga_mp-10021_100,bridge_2,2.535490295999996,1.6134185636904133,25.4876506322,2.5358076318,2.6045703569,24.3794482513,-0.972772660903218
Ga_mp-10021_100,ontop_0,0.8946859009999997,1.6134185636904095,25.4876506322,0.5645190499,3.7417757597,24.3179738339,-1.03530059408496
Ga_mp-10021_110,bridge_0,0.3368112298845515,0.667752268060738,22.535708214700005,0.3542979884,0.5831526449,22.7303697983,-0.4982630051710019
Ga_mp-10021_110,bridge_1,0.7795177076989587,2.7711719391415714,22.535708214700005,1.1997713837,4.0350826233,21.1355073615,-1.1073281385733362
Ga_mp-10021_110,bridge_2,2.4417721064085427,0.6677522680607398,22.535708214700005,0.8789450044,0.3819978273,21.0538200365,-1.100021581068695
Ga_mp-10021_110,hollow_0,1.1860336813306838,1.3688921584210176,22.535708214700005,0.618246712,0.4375479805,21.0510149006,-1.1045361210388769
Ga_mp-10021_110,hollow_1,3.697510531486398,-0.03338762229953892,22.535708214700005,4.5182110177,0.1852861148,21.1142483824,-1.1094437868244482
Ga_mp-10021_110,ontop_0,2.8844785842229483,2.771171939141573,22.535708214700005,1.5231054832,3.9977362419,21.108965041,-1.110783730584487
Ga_mp-10021_111,bridge_1,3.297929821165358,0.8532546355381583,20.634172943100005,3.1518233232,0.5319716434,19.4904487874,-0.984541287997136
Ga_mp-10021_111,bridge_2,0.5617825444600388,2.0635507714381554,20.634172943100005,1.579843378,2.6066920986,20.0881075546,-0.7388218248979586
Ga_mp-10021_111,bridge_3,2.1231697012653568,3.273846907338155,20.634172943100005,1.5425686934,5.2698844759,19.6352584095,-0.9668096186542188
Ga_mp-10021_111,bridge_4,1.8906567863805757,4.6033026950631815,20.634172943100005,1.4905115606,5.499854388,19.4909586538,-0.9798850120069228
Ga_mp-10021_111,bridge_5,-0.2581104303747405,4.6033026950631815,20.634172943100005,-2.4194547422,5.3733605192,19.7609673684,-0.944281555022715
Ga_mp-10021_111,hollow_0,3.622598853450463,1.6601187261381554,20.634172943100005,3.1732079492,0.4831090084,19.6723435848,-0.9687742681311268
Ga_mp-10021_111,hollow_1,1.798500668980251,2.466982816738156,20.634172943100005,1.5090862945,5.4595140506,19.4557403159,-0.9833443700780788
Ga_mp-10021_111,hollow_2,1.096896742500543,5.046454624304859,20.634172943100005,1.4613676975,5.5930172635,19.415314458,-0.9848952987884256
Ga_mp-10021_111,hollow_3,2.684416830260609,4.160150765821508,20.634172943100005,1.5788936008,5.4808807223,19.4186403288,-0.9842547329065032
Ga_mp-10021_111,ontop_0,1.1491626044100398,0.8532546355381535,20.634172943100005,-0.9732361506,0.4987615012,19.5905093522,-0.9870802408730992
Ga_mp-10021_111,ontop_1,-0.025597515489959977,3.2738469073381533,20.634172943100005,0.5627109555,4.8600644252,19.6243100412,-0.9857460958610916
Ge_mp-32_100,bridge_0,1.3371221595999994,1.0029974279691147,19.209683539,1.3370067933,1.0030609661,18.7924104891,-0.9354635471045064
Ge_mp-32_100,bridge_1,3.343486108830886,1.0029974279691147,19.209683539,3.3437926781,1.003096006,18.0100852109,-1.4220685939469342
Ge_mp-32_100,bridge_2,3.3434861088308847,3.009361377199998,19.209683539,3.3436838915,3.0093402811,18.8862984914,-0.9319780497654714
Ge_mp-32_100,ontop_0,1.3371221595999998,3.0093613772,19.209683539,1.3369906332,3.0093487029,19.6332673338,-0.3534461616209275
Ge_mp-32_110,bridge_0,7.912219114567238e-06,5.674565069958763,22.1946514222,0.0001381937,5.6744921658,21.4035181125,-1.3283461227022697
Ge_mp-32_110,bridge_1,7.912219114110944e-06,2.8371379619000052,22.1946514222,-0.001540292,2.8365388748,22.3235157849,-0.5696170525373874
Ge_mp-32_110,bridge_2,1.0031892305691155,3.5579443140000064,22.1946514222,1.0031846848,4.8380914242,21.0101527321,-1.8764602970233693
Ge_mp-32_110,hollow_0,1.0031896680794103,4.969024817972513,22.1946514222,1.003182785,5.0242251239,21.0716727348,-1.8882757889472013
Ge_mp-32_110,ontop_0,3.0095531798,3.557944314,22.1946514222,3.009546819,0.957388905,21.0171236839,-1.8770013671408667
Ge_mp-32_111,bridge_0,1.9396037730623104,2.2811075020205602,25.638864350600002,1.9658223525,2.2922988923,25.296637304,-0.8523726174599793
Ge_mp-32_111,bridge_1,3.9428690888622464,2.2811075020205602,25.638864350600002,3.1559316909,1.8266619138,25.091986761,-1.0305498972584368
Ge_mp-32_111,hollow_0,4.943468070128676,2.8599959496675234,25.638864350600002,4.9788236972,2.8804503219,25.209575864,-1.035641646806014
Ge_mp-32_111,hollow_1,2.9422701075958164,1.7022190543735982,25.638864350600002,2.9786458334,1.7232552201,25.0854516349,-1.0356807237357946
Ge_mp-32_111,ontop_0,0.9410721450629602,0.5444421590796766,25.638864350600002,0.9191903259,0.5317773987,26.0376201684,-0.2792347022797387
Y_mp-9_100,bridge_0,2.706794996300002,2.706794823794234,24.4636960633,2.7067989562,2.7067951051,25.0413370811,-0.3830939683362883
Y_mp-9_100,bridge_1,0.9022648113057672,2.706794823794236,24.4636960633,0.9022646878,2.7067952033,24.7786668328,-0.6681765419773614
Y_mp-9_100,ontop_0,2.7067949963,0.9022646387999999,24.4636960633,2.7067921728,0.9022663617,25.3661219673,-0.1632609712880374
Y_mp-9_110,bridge_0,0.902268679305769,1.275997211099998,20.807420175100003,0.9022683165,1.2760011864,21.5760788312,0.095398492121049
Y_mp-9_110,bridge_1,0.9022686793057695,3.8279882724304706,20.807420175100003,0.9022690812,3.8279878037,20.423407635,-0.7316417391781501
Y_mp-9_110,bridge_2,2.7067988643000027,3.8279882724304706,20.807420175100003,2.7067979032,3.8279875373,20.4985683887,-0.4947002138478835
Y_mp-9_110,ontop_0,2.7067988643,1.2759972110999998,20.807420175100003,2.7067985806,1.2759973973,21.8634633402,0.2891976053602587
Y_mp-9_111,bridge_0,2.1921612958364634,2.3106131041796765,26.847585538200004,2.1608853711,3.0758207799,27.2882005731,-0.6464706966455087
Y_mp-9_111,bridge_1,1.2940787400334683,0.7486507125749448,26.847585538200004,1.2395060232,0.7170719426,27.2147768904,-0.5985067387666195
Y_mp-9_111,hollow_0,0.3941368000569751,0.22799658204003462,26.847585538200004,0.37297378,0.2157383564,27.1271739396,-0.6494861769178844
Y_mp-9_111,hollow_1,2.1940206800099675,1.2693048431098548,26.847585538200004,2.1693350214,1.2550269702,27.2448946679,-0.6246221792225473
Y_mp-9_111,ontop_0,3.99390455996296,2.3106131041796765,26.847585538200004,3.95099474,2.2858231128,27.6321298838,-0.3843618563078055
Zr_mp-8635_100,bridge_0,0.8006580493906269,0.8006596808906276,23.0950232283,0.8006495539,0.8006483321,23.324353002,-0.8988997440316849
Zr_mp-8635_100,bridge_1,2.4019864001999993,0.8006596808906276,23.0950232283,2.4020583554,0.8006420921,23.5750732986,-0.632307697650544
Zr_mp-8635_100,ontop_0,2.4019864001999998,2.4019880317,23.0950232283,2.402032326,2.4020280097,23.8438095202,-0.4335957892738764
Zr_mp-8635_110,bridge_0,0.8006677188999995,3.396931319727152,19.8209569437,0.8006478611,3.396931151,19.6110355958,-0.7972532015388832
Zr_mp-8635_110,bridge_1,2.401996069709371,3.396931319727152,19.8209569437,2.4020189175,3.3969302833,19.539088591,-0.9377118128394442
Zr_mp-8635_110,bridge_2,2.4019960697093654,1.1323110482000005,19.8209569437,2.4020129988,1.1323110772,20.3659465998,-0.2043735489952949
Zr_mp-8635_110,ontop_0,0.8006677189000002,1.1323110481999998,19.8209569437,0.8006367342,1.1323135434,20.6014674948,-0.0248092701260049
Zr_mp-8635_111,bridge_0,-0.26688710550468775,1.3867891750011567,24.8641024911,-0.3079893609,1.3630505032,25.3220675816,-0.7710935275917233
Zr_mp-8635_111,hollow_0,2.1351054207093685,0.924525497800771,24.8641024911,2.1351057218,0.9245280217,25.2586105793,-0.8020043174214846
Zr_mp-8635_111,hollow_1,0.533777069899999,1.8490528522015421,24.8641024911,0.5337764105,1.8490577926,25.2747100803,-0.7854815022806965
Zr_mp-8635_111,ontop_0,-1.0675512809093715,2.7735802066023125,24.8641024911,-1.0675486316,2.7735851769,25.4744442021,-0.6210123461926446
Mo_mp-129_100,bridge_0,2.3757004194882567,2.3757015015882548,19.721508560399997,2.3756941736,2.3756935374,19.5079662172,-1.316501941802119
Mo_mp-129_100,bridge_1,0.7918914470999993,2.3757015015882548,19.721508560399997,0.7918934969,2.3757083509,19.9473492292,-0.84837065047303
Mo_mp-129_100,ontop_0,0.7918914470999999,0.7918925291999999,19.721508560399997,0.7918915618,0.7918930961,20.3317470784,-0.5310902830193883
Mo_mp-129_110,bridge_0,1.3716188538299556,1.9397622200000026,23.0290367312,1.3716188815,1.9397616759,23.3510769264,-0.7666803990671384
Mo_mp-129_110,bridge_1,1.8288251221066067,0.6465876092023352,23.0290367312,1.8288250352,0.6465876818,23.1829113024,-0.9560414690201215
Mo_mp-129_110,hollow_0,1.2192167644044054,1.077645812801558,23.0290367312,1.7254158716,0.7197076972,23.1815808942,-0.955555616275626
Mo_mp-129_110,ontop_0,4.899999971296601e-08,1.93976222,23.0290367312,-1.934e-07,1.9397628018,23.5661154191,-0.5654113238634982
Mo_mp-129_111,bridge_0,5.217829974005215,1.728629059807663,19.0820974533,5.2026537773,2.8812850421,19.3431848938,-0.9502030141663248
Mo_mp-129_111,bridge_1,2.983766097595164,1.728629059807663,19.0820974533,3.0108895698,1.7443422586,18.5871069813,-1.4882679654035944
Mo_mp-129_111,bridge_2,3.0092300344351237,3.0376734823076665,19.0820974533,3.0239512493,1.8917783275,18.5607814863,-1.4604856675148574
Mo_mp-129_111,bridge_3,2.958302160755202,0.41958463730766293,19.0820974533,3.0045125596,1.6122705569,18.5899362164,-1.4880656105490997
Mo_mp-129_111,bridge_4,6.329074181960462,3.6667151554613526,19.0820974533,5.3135535387,3.0783785333,19.3487042598,-0.9501967569036276
Mo_mp-129_111,ontop_0,5.243293910845161,3.037673482307662,19.0820974533,5.2192756854,3.0237586963,19.3505227903,-0.9502384774226597
Mo_mp-129_111,ontop_1,0.7242382843451598,0.41958463730766205,19.0820974533,0.6866401741,0.3978035359,19.6114683818,-0.2307211054109946
Tc_mp-113_100,bridge_0,2.736580385050008,4.394902796649999,24.5254769698,2.982791779,5.409805133,24.2785747982,-1.154656174199505
Tc_mp-113_100,bridge_1,2.0524353012000014,3.2961770939000017,24.5254769698,2.0524352621,3.2961771388,24.7616941368,-0.5835114342027239
Tc_mp-113_100,bridge_2,0.6841450639000011,1.0987256993999992,24.5254769698,0.6841450787,1.0987256958,24.2902819043,-1.1488049612752913
Tc_mp-113_100,hollow_0,2.052435289600002,4.028660895733334,24.5254769698,2.0524362308,5.3796003811,24.3713245493,-1.0970901336838077
Tc_mp-113_100,hollow_1,0.6841450755000001,0.36624189756666686,24.5254769698,0.6841453692,1.0438464718,24.2929526481,-1.1486778867609198
Tc_mp-113_100,ontop_0,0.6841450986999998,3.2961770939,24.5254769698,0.6841451965,3.2961771007,24.9956763042,-0.3619667040392116
Tc_mp-113_100,ontop_1,2.0524352664,1.0987256993999999,24.5254769698,2.0524353501,1.0987256778,24.3665913477,-1.0972095631563843
Tc_mp-113_110,bridge_0,4.3949027979,4.329506225819816,19.078479322499998,4.3968450988,4.299803434,19.4581027231,-0.8923096518065332
Tc_mp-113_110,bridge_1,4.394902797900002,1.9662497072534704,19.078479322499998,4.4004439464,1.9929456308,18.6753216987,-1.3229317139792258
Tc_mp-113_110,bridge_2,1.098725703600003,2.664637564369816,19.078479322499998,1.0987257347,2.5980022391,18.6788553971,-1.4699441841704153
Tc_mp-113_110,bridge_3,3.296177092200002,1.2678618501371293,19.078479322499998,3.296177139,1.3807886776,18.595631038,-1.4698976213788968
Tc_mp-113_110,hollow_0,0.3662418998000054,2.986797832481034,19.078479322499998,1.0193169709,2.6103700769,18.6682631855,-1.4698196280636608
Tc_mp-113_110,hollow_1,2.5636932960000003,0.9457015820259048,19.078479322499998,3.2162514395,1.3867956616,18.591365835,-1.4696896773075032
Tc_mp-113_110,ontop_0,1.0987257035999998,0.301381045803472,19.078479322499998,1.0987255453,-1.9560628135,18.3471424168,-1.4701650373345174
Tc_mp-113_110,ontop_1,3.2961770922,3.631118368703471,19.078479322499998,3.2961772276,5.9376729955,18.9220023749,-1.4701632386602002
Tc_mp-113_111,bridge_0,4.230793074400003,3.20571240164312,19.0325653356,3.8399457066,4.0623205824,18.1315037311,-1.5419230882759618
Tc_mp-113_111,bridge_1,4.774332065828712,1.9913680268931198,19.0325653356,4.8196866189,2.0350878531,18.5435109678,-1.2415348109911435
Tc_mp-113_111,bridge_3,0.6758708490569375,0.9045859055715938,19.0325653356,1.025959618,0.357641121,18.2179907434,-1.483808604718282
Tc_mp-113_111,bridge_5,3.6872540829712928,4.420056776393118,19.0325653356,3.7827253064,4.1629040805,18.1289077548,-1.5419086703153249
Tc_mp-113_111,hollow_0,5.201955454952477,2.8009309433931207,19.0325653356,3.9072885629,4.0330665438,18.1306457835,-1.5420084341104427
Tc_mp-113_111,hollow_1,4.4119727382095775,1.2668466126787683,19.0325653356,5.6969263062,0.3766108624,18.2213178582,-1.48364010492359
Tc_mp-113_111,hollow_2,3.2596306938475283,3.6104938598931198,19.0325653356,3.7638057776,4.0949418331,18.1310765669,-1.5420429504101725
Tc_mp-113_111,hollow_3,1.6796652603617204,0.5423251984644212,19.0325653356,1.4412301776,-0.3759264356,18.1980076775,-1.5416823653510596
Tc_mp-113_111,ontop_1,6.0572022332,4.4200567763931184,19.0325653356,3.9834180085,4.1638146411,18.1227584445,-1.541546301548625
Nb_mp-75_100,bridge_0,0.8294044863000002,2.488220890484009,20.0285874277,0.829316746,2.4882592453,20.3666262031,-0.62370570879409
Nb_mp-75_100,bridge_1,2.488220675684009,2.488220890484009,20.0285874277,2.4882599659,2.4882604285,19.9677897619,-1.0111145861076964
Nb_mp-75_100,ontop_0,0.8294044862999999,0.8294047010999995,20.0285874277,0.8293423294,0.8293424285,20.7807057303,-0.3372733259015328
Nb_mp-75_110,bridge_0,-1.163653933889182e-06,2.031625883619603,23.537030342700003,-1.4074e-06,2.0316258578,23.7771471616,-0.809147998369957
Nb_mp-75_110,bridge_1,0.47885782308454994,0.6772081366000006,23.537030342700003,0.4788577366,0.6772084591,23.893319387,-0.6904784162910533
Nb_mp-75_110,hollow_0,-0.6384798126385782,2.4830984659594693,23.537030342700003,-0.0978921458,2.1008456467,23.7664728967,-0.8086288293478457
Nb_mp-75_110,ontop_0,1.9154347832999998,0.6772081365999998,23.537030342700003,1.9154350005,0.6772078466,24.0690349166,-0.5682997690769964
Nb_mp-75_111,bridge_0,6.639599961679314,3.84661616142408,19.2975185103,5.5464015539,3.2132776096,19.6249704266,-1.0838000192542514
Nb_mp-75_111,bridge_1,5.475728614407072,1.8167447262076637,19.2975185103,5.4489310688,3.0179301115,19.623910147,-1.0839806512483108
Nb_mp-75_111,bridge_2,1.994028166461012,1.1552292925912448,19.2975185103,3.0414170758,1.7620284049,18.8854908289,-1.622893395424852
Nb_mp-75_111,bridge_3,3.1358622599951627,1.8167447262076637,19.2975185103,3.1587130024,1.829983269,18.8867260974,-1.6229065575784292
Nb_mp-75_111,bridge_4,4.277696353529311,2.4782601598240808,19.2975185103,3.2738849276,1.8967074398,18.8788121196,-1.6227945663419572
Nb_mp-75_111,ontop_0,5.49776586814516,3.185100727807662,19.2975185103,5.4735227122,3.1710557076,19.6211492726,-1.0838616639594014
Nb_mp-75_111,ontop_1,0.77395865184516,0.44838872460766244,19.2975185103,0.7351961637,0.4259317505,19.8459272006,-0.3807532518723036
Tc_mp-8638_100,ontop_0,2.044669966,0.6815565565999999,21.517694824400003,2.0446691158,0.6815561731,22.0021824299,-0.5787600720558446
Tc_mp-8638_110,ontop_0,2.0446701658999995,2.8916002445,18.630799212400003,2.0446701643,2.8916003454,19.1036617951,-0.4832355380917861
Tc_mp-8638_111,ontop_0,2.622784702275851,0.9913295286213171,23.226549923300002,2.6026242557,0.979613636,23.6906803046,-0.5917903244192991
Rh_mp-74_100,bridge_0,0.6728071292735105,0.6728072306735116,21.4387672871,0.672807163,0.6728072138,21.2377472146,-1.4449413525483177
Rh_mp-74_100,bridge_1,2.0184214952000024,0.6728072306735116,21.4387672871,2.0184216825,0.6728071859,21.5264304817,-1.0334417996799383
Rh_mp-74_100,ontop_0,2.018421495200001,2.0184215966,21.4387672871,2.018421907,2.0184218098,21.7644494716,-0.7098231542957317
Rh_mp-74_110,bridge_0,2.0184214987999995,2.854478884717311,18.616819823900002,2.0184215531,2.8544790631,18.2208733114,-1.2822799654096
Rh_mp-74_110,bridge_1,0.6728071328735096,2.854478884717311,18.616819823900002,0.672807124,2.8544790293,18.0939619096,-1.6140645151947648
Rh_mp-74_110,bridge_2,0.6728071328735115,0.9514927986999976,18.616819823900002,0.6728071324,0.9514926699,18.7157935697,-0.8084078714197243
Rh_mp-74_110,ontop_0,2.0184214988,0.9514927986999999,18.616819823900002,2.0184216198,0.9514925285,18.9502006135,-0.4961170121214063
Rh_mp-74_111,bridge_0,-0.8970793919897341,2.330664194989632,22.924802738,-0.8947287307,2.3293113241,22.9845136375,-0.966920530958954
Rh_mp-74_111,hollow_0,-0.22427220902648892,1.9422187867930891,22.924802738,-0.2242717544,1.9422242489,22.9512698374,-1.0261380027698563
Rh_mp-74_111,hollow_1,2.4669565228264947,0.3884371540069143,22.924802738,2.4669550924,0.3884445956,22.9634182448,-1.0229529628228524
Rh_mp-74_111,ontop_0,1.1213421569000002,1.1653279704,22.924802738,1.12133353,1.1653062692,23.2718753914,-0.5815153718880837
Rh_mp-2646993_100,bridge_0,0.6827447600499978,2.214244499749999,24.3780267593,0.0601971492,3.2409855477,23.8983976469,-1.6806035311850471
Rh_mp-2646993_100,bridge_1,2.7309790398000002,3.3213667498,24.3780267593,2.7309790382,3.3213667496,23.8967298757,-1.681041976232371
Rh_mp-2646993_100,bridge_2,1.3654895202999995,1.1071222497,24.3780267593,1.3654895103,1.1071222248,24.3705399374,-1.0864809775390198
Rh_mp-2646993_100,hollow_0,2.7309790399666665,4.059448249766668,24.3780267593,2.7309790362,3.424088126,23.8979284108,-1.678569556589223
Rh_mp-2646993_100,hollow_1,1.3654895201333328,0.36904074973333334,24.3780267593,1.365489501,-0.8655624742,24.0136983216,-1.526686886629549
Rh_mp-2646993_100,ontop_0,1.365489519799999,3.3213667498,24.3780267593,1.3654895186,3.3213667496,24.0169854737,-1.5272748746441984
Rh_mp-2646993_100,ontop_1,2.9999966819397787e-10,1.1071222496999997,24.3780267593,8e-10,1.1071222365,24.6437211988,-0.7343539021353326
Rh_mp-2646993_110,bridge_0,4.42848898905,2.75053799364653,18.5816393557,4.4263712034,2.748024883,18.5658555697,-1.1467941857613024
Rh_mp-2646993_110,bridge_1,4.428488989049998,0.39211870271103877,18.5816393557,4.4237025114,0.3527954779,18.1050545553,-1.8096299272089849
Rh_mp-2646993_110,bridge_2,1.1071222307000013,4.38688102253202,18.5816393557,1.107122228,4.3858317362,17.7849943255,-1.969307246914605
Rh_mp-2646993_110,bridge_3,3.3213667474,1.114194964761041,18.5816393557,3.3213667467,1.0324289346,18.0194849536,-1.9690973327351755
Rh_mp-2646993_110,hollow_0,0.3690407362666662,4.082125433586855,18.5816393557,1.0218416367,4.387708678,17.7812413987,-1.9684115523946188
Rh_mp-2646993_110,hollow_1,2.5832852418333325,1.418950553706202,18.5816393557,3.2463637981,1.0232055655,18.0190340222,-1.968890954676284
Rh_mp-2646993_110,ontop_0,1.1071222306999997,2.0284617315965274,18.5816393557,1.1071221964,4.2081024628,17.7835150999,-1.9693737216447669
Rh_mp-2646993_110,ontop_1,3.3213667474,3.472614255696528,18.5816393557,3.3213670514,1.1983133663,18.0198653315,-1.969457353160616
Rh_mp-2646993_111,bridge_0,4.52967310112142,0.9996628691468092,18.9116630766,3.7951993439,-0.3358730871,17.8512511052,-2.206532998039859
Rh_mp-2646993_111,bridge_1,2.1645758752785826,0.9996628691468092,18.9116630766,-0.7551313194,-0.3396981919,17.8577975442,-2.2064825304166127
Rh_mp-2646993_111,bridge_2,5.292482196342846,2.040258883791528,18.9116630766,5.2774242457,2.0500413531,18.2685596354,-1.7908797528525937
Rh_mp-2646993_111,bridge_3,5.712221714042846,3.3165995940415276,18.9116630766,6.0712006702,4.1097578155,17.796902157,-2.206616245877788
Rh_mp-2646993_111,bridge_4,3.347124488200008,3.3165995940415276,18.9116630766,5.8838059458,4.1157252442,17.7926820932,-2.2068296267888017
Rh_mp-2646993_111,bridge_5,6.1319612317428405,4.592940304291531,18.9116630766,6.1055717748,4.216289753,17.7972220085,-2.2066647202654086
Rh_mp-2646993_111,hollow_0,4.783942799528564,2.8911526906248612,18.9116630766,5.9955751352,4.0815357168,17.7957840972,-2.206698700497565
Rh_mp-2646993_111,hollow_1,1.9103061768714387,3.742046497458199,18.9116630766,1.4067403505,4.1425032486,17.7975569712,-2.2067846980499395
Rh_mp-2646993_111,ontop_0,2.9273849705,2.0402588837915285,18.9116630766,5.8524352841,4.0225546511,17.7930408141,-2.206640446332265
Rh_mp-2646993_111,ontop_1,3.7668640059,4.592940304291528,18.9116630766,1.5441967794,4.2186898483,17.8045967629,-2.206459788491362
Pd_mp-2_100,bridge_0,0.6924866615297454,2.0774619654000004,21.7542763012,0.6924862917,2.0774605346,21.7681952732,-1.0577061302258133
Pd_mp-2_100,bridge_1,0.6924866615297446,0.6924867111297439,21.7542763012,0.6924859599,0.692488341,21.4504788799,-1.497587752899505
Pd_mp-2_100,ontop_0,2.0774619158000003,2.0774619654,21.7542763012,2.0774609292,2.0774609755,22.0321116077,-0.7133638377162268
Pd_mp-2_110,bridge_0,0.6924874489297436,0.9793255807999971,18.863325968999998,0.6924875811,0.9793253039,18.8508318373,-0.9539083401661366
Pd_mp-2_110,bridge_1,2.0774627032000006,2.9379763689401246,18.863325968999998,2.0774640044,2.9379760689,18.3104444288,-1.4424385758700382
Pd_mp-2_110,bridge_2,0.6924874489297427,2.9379763689401246,18.863325968999998,0.6924876295,2.9379762713,18.208923607,-1.737370227303796
Pd_mp-2_110,ontop_0,2.0774627032,0.9793255807999998,18.863325968999998,2.0774605279,0.9793260251,19.1309622079,-0.5675198196029181
Pd_mp-2_111,bridge_0,1.9698273050380575,2.205223100667065,23.48050159,1.9693007351,2.2049212093,23.4728896823,-1.0505279629102986
Pd_mp-2_111,hollow_0,1.2802054375831562,0.2068206550908195,23.48050159,1.2830234117,0.2084497141,23.366479808,-1.121318067622299
Pd_mp-2_111,hollow_1,1.2784416987917124,1.8055426115518154,23.48050159,1.2813017978,1.8071997547,23.3911111349,-1.1238396201667784
Pd_mp-2_111,ontop_0,2.662976650075852,1.0061816333213172,23.48050159,2.6509371851,0.9992419483,23.7632255079,-0.6556475045571629
Pd_mp-2646977_100,bridge_0,0.7861408842000006,2.3584234347263258,19.7325147797,0.7861258475,2.3584345019,19.5635103104,-1.1805103267089527
Pd_mp-2646977_100,bridge_1,2.358421886726326,2.3584234347263258,19.7325147797,2.3584316775,2.3584326216,19.1308522773,-1.7550252489350524
Pd_mp-2646977_100,ontop_0,0.7861408841999998,0.7861424321999999,19.7325147797,0.7861428407,0.7861449148,19.9605544006,-0.7345184521942383
Pd_mp-2646977_110,bridge_0,1.3616386587754634,1.9256584434999977,22.996250033400003,1.3616366848,1.9256650996,22.9860037638,-1.040309710774716
Pd_mp-2646977_110,bridge_1,1.8155170888006178,0.6418963806796348,22.996250033400003,1.815513471,0.6418910522,22.8580097983,-1.2187763756465468
Pd_mp-2646977_110,hollow_0,1.2103458487670795,1.069817068286424,22.996250033400003,1.3855799572,0.9459200532,22.8500026276,-1.2906140185769526
Pd_mp-2646977_110,ontop_0,3.3686999993839322e-06,1.9256584434999995,22.996250033400003,3.7058e-06,1.9256599901,23.236942659,-0.6829902199703729
Pd_mp-2646977_111,bridge_0,2.2235411042328517,3.851285972080543,16.468360977499998,1.1551804414,3.2344783285,15.4800988775,-2.1765965368792326
Pd_mp-2646977_111,bridge_2,2.223541115148557,1.283762082269456,16.468360977499998,3.1472223738,1.8170454494,15.4672401976,-2.181676751514604
Pd_mp-2646977_111,ontop_0,5.5588527916,3.2094051765,16.468360977499998,5.5588438306,3.20939307,15.4705913527,-2.182405095928725
Pd_mp-2646977_111,ontop_1,1.1117705344999995,0.6418805791999996,16.468360977499998,1.1117465331,0.6418460249,15.4734096281,-2.1823508704117462
Ag_mp-124_100,bridge_0,2.1766620241000005,2.1766605756957804,22.240825037699995,2.1766585052,2.1766658946,22.3920329117,-0.5104807985979634
Ag_mp-124_100,bridge_1,0.7255529172042166,2.1766605756957804,22.240825037699995,0.7255519715,2.1766632351,22.0577655421,-0.7817741041350442
Ag_mp-124_100,ontop_0,2.1766620241,0.7255514687999999,22.240825037699995,2.1766693815,0.7255459988,22.6821986601,-0.3073317816503861
Ag_mp-124_110,bridge_0,2.176658885395779,3.0782685160551226,19.2127617757,2.1766562903,3.078273767,18.5770526592,-1.021932687705801
Ag_mp-124_110,bridge_2,2.1766588853957787,1.026090336599998,19.2127617757,2.1766594148,1.0260912469,19.3197942646,-0.3322210002300571
Ag_mp-124_110,ontop_0,0.7255497784999995,1.0260903365999998,19.2127617757,0.7255453355,1.0260886836,19.6332210946,-0.1053284408345883
Ag_mp-124_111,bridge_0,1.3438414812191382,1.056213859821317,24.045891971000003,1.3442207876,0.4211562876,23.9558007456,-0.5799325146838596
Ag_mp-124_111,bridge_1,2.0673174117818576,2.3125106690577177,24.045891971000003,2.0765672019,2.3178700911,24.1223508264,-0.5236528250734488
Ag_mp-124_111,hollow_0,1.3429175017420456,1.8937450659789177,24.045891971000003,1.3431697968,1.8938841203,24.0117721115,-0.5718580038504936
Ag_mp-124_111,hollow_1,1.3447654606962294,0.21868265366371586,24.045891971000003,1.3453452885,0.219009104,23.9695375338,-0.5820206413265049
Ag_mp-124_111,ontop_0,2.7935652807758506,1.056213859821317,24.045891971000003,2.7778357518,1.047138862,24.4092898738,-0.3283095941386008
Ag_mp-2646971_100,bridge_0,0.8277988944999974,2.4834820152881107,20.1779370114,0.8275681576,2.4835343431,20.1436317667,-0.4737754118878028
Ag_mp-2646971_100,ontop_0,0.8277988944999998,0.8278280138999998,20.1779370114,0.8277389072,0.827759698,20.5466392479,-0.1553434756758585
Ag_mp-2646971_110,bridge_0,0.4779135331931548,0.6759534682672947,23.635441835,0.4779154658,0.6759543089,23.7527702493,-0.4955158673986506
Ag_mp-2646971_110,hollow_0,2.549013480530159,0.22534152448972672,23.635441835,2.3662534207,0.3539602576,23.5587280268,-0.6442639759177742
Ag_mp-2646971_110,ontop_0,-3.260850000009786e-05,2.0277892996,23.635441835,-2.89144e-05,2.0277904936,23.9971170465,-0.313954807834861
Ag_mp-2646971_111,bridge_0,2.329557349555486,1.8073814605076626,19.0691162415,2.2799837762,1.8361014161,18.2363473548,-1.2604700636871389
Ag_mp-2646971_111,ontop_0,4.640076891654839,3.1748044552076613,19.0691162415,4.6096648602,3.1924032278,18.1480233178,-1.2607355394666366
Ag_mp-2646971_111,ontop_1,4.68984957935484,0.4399584658076612,19.0691162415,4.6165760592,0.4823944245,18.0442380976,-1.2607053280090996
Cd_mp-1096861_100,bridge_0,2.357668573000002,2.3476249725000042,23.2665412863,2.3609176672,2.3481031179,23.3291889437,-0.385334319633697
Cd_mp-1096861_100,bridge_1,0.7891998430000043,2.3476249725000042,23.2665412863,0.7884218696,2.3481877612,22.790974579,-0.7711603900833277
Cd_mp-1096861_100,ontop_0,2.357668573,0.7791562425,23.2665412863,2.3628322897,0.7740940068,23.7366111851,-0.1363489810428371
Cd_mp-1096861_110,bridge_0,0.7865665325000007,1.1089894794000024,19.9823308183,0.786361826,1.1089829646,20.0867927727,-0.2479938572177958
Cd_mp-1096861_110,bridge_1,2.3550352625000035,3.3271392295241053,19.9823308183,2.3602024787,3.3271268517,19.3970033237,-0.5593401775268625
Cd_mp-1096861_110,bridge_2,0.7865665325000011,3.3271392295241053,19.9823308183,0.7876264799,3.3271901672,19.2704051552,-0.8041394789712297
Cd_mp-1096861_110,ontop_0,2.3550352625,1.1089894793999997,19.9823308183,2.3572054922,1.1088674583,20.4779741632,0.0258492898350315
Cd_mp-1096861_111,bridge_0,0.5299019162999975,0.9056904777784851,24.9962005954,1.1000226461,0.5721273886,24.891351251,-0.5048661384609002
Cd_mp-1096861_111,hollow_0,-0.2543324486999998,1.35846839951899,24.9962005954,-0.2540930508,1.3579094736,24.9321437121,-0.4754445455583017
Cd_mp-1096861_111,hollow_1,1.3141362813000026,0.4529125560379791,24.9962005954,1.3134272933,0.451418886,24.9024192576,-0.506101174108751
Cd_mp-1096861_111,ontop_0,1.3141362812999997,2.264024243,24.9962005954,1.3141586272,2.2643068263,25.3493034023,-0.1974503729065224
Sn_mp-1179414_100,bridge_0,0.7216572264055835,1.131362532898212,21.206737254,0.1560828549,1.1314309676,20.2744290593,-0.8985785229786583
Sn_mp-1179414_100,bridge_2,2.337428942787826,1.131362532898212,21.206737254,2.9378453785,1.1313296709,20.3948244163,-0.9048331884420808
Sn_mp-1179414_100,ontop_0,0.7216572264055836,3.3940635311,21.206737254,0.151946782,3.3941115545,21.7027473879,-0.2504753804319659
Sn_mp-1179414_110,bridge_0,3.178787410121415,0.36159045411530805,26.601786785500003,3.219737336,-0.1876594813,26.6292167834,-0.4860686203500479
Sn_mp-1179414_110,bridge_1,3.9541846681281494,1.855317185840568,26.601786785500003,3.8792816385,2.2724411531,27.0011465477,-0.5760824049900577
Sn_mp-1179414_110,hollow_0,3.157014905262408,1.3574082752654821,26.601786785500003,3.1633554784,1.2784185787,26.9444575006,-0.5733162954305703
Sn_mp-1179414_110,hollow_1,1.5191303698128944,2.3532260964156553,26.601786785500003,1.5960190269,2.6145741303,26.7359493768,-0.4816357363491685
Sn_mp-1179414_110,ontop_0,1.5626753795309118,0.3615904541153067,26.601786785500003,0.8116309508,0.2755600646,26.853653304,-0.57364977113761
Sn_mp-1179414_111,bridge_0,2.330417404792281,3.5287960508905334,19.5797016448,2.9515699257,3.3227440291,18.6011325932,-0.7903535918835081
Sn_mp-1179414_111,bridge_2,3.104435663039267,0.8579272433184723,19.5797016448,3.0989244209,-0.7677145696,18.9088386043,-0.5638456683466999
Sn_mp-1179414_111,hollow_0,1.5108797626805885,4.41908565341455,19.5797016448,1.5487942997,4.2377729968,18.915763032,-0.5641341037449866
Sn_mp-1179414_111,hollow_1,-0.21923428927221184,2.638506448366512,19.5797016448,-0.2195720455,3.0951964009,18.5853831897,-0.7907855129924292
Sn_mp-1179414_111,ontop_0,1.419840994951176,0.8579272433184707,19.5797016448,-0.863448207,-0.7434943847,18.721790132,-0.735519125578862
Co_mp-1271142_110,hollow_0,3.049940215799995,2.796371398478152,18.0719460711,3.0512014588,2.731687783,17.4316242818,-2.2044856789735303
Co_mp-1271142_111,hollow_1,5.247914481422969,3.8332230944345658,18.1803971652,5.7309270459,4.1673107758,17.1774479633,-2.224433739978186
Co_mp-1271142_111,ontop_1,1.4014420404999999,0.3737066323958751,18.1803971652,3.447292103,-0.0152704295,17.2985196132,-2.224706941073188
Si_mp-165_100,ontop_0,1.2560832475721917,2.6920716056,19.575427545599997,1.2594256297,1.6782818513,19.8347243626,-0.5271030877340548
Si_mp-165_110,hollow_0,1.2125769739333354,4.322642108019851,21.351528762499996,1.5260614419,4.5901304683,20.9304707034,-1.6259773980821457
Si_mp-165_110,hollow_1,1.9537342177333321,6.523261225192822,21.351528762499996,1.7074695485,6.7813506329,19.9073366051,-1.950775705274986
Si_mp-165_110,hollow_2,5.120045284333335,1.4315213640468738,21.351528762499996,4.8783930225,0.9716198828,20.4746985468,-1.950624567716685
Si_mp-165_110,hollow_3,4.378887842400003,3.632140746719849,21.351528762499996,4.6964983698,3.3169713895,21.0562630976,-1.6262970517591762
Si_mp-165_110,ontop_0,3.6377304654000007,5.013142081819845,21.351528762499996,4.7821099704,3.4283369294,21.0245384666,-1.624774259637404
Si_mp-165_110,ontop_1,0.4714196651999999,2.9416410384198457,21.351528762499996,1.6149754079,4.5052230872,20.9181010315,-1.6259494519744504
Si_mp-1079297_100,hollow_0,0.961444260733335,4.7544521447784085,21.445964327,0.9382782488,5.6040716484,19.3371266522,-2.924467435294779
Si_mp-1079297_100,hollow_1,2.8844114159666656,0.13593593753808164,21.445964327,2.8844258283,0.2568058895,19.5304044395,-2.79695786665324
Si_mp-1079297_100,ontop_0,2.8844079355,3.04382862215825,21.445964327,2.8658300158,0.4895207901,19.5087563245,-2.8997914289178444
Si_mp-1079297_100,ontop_1,0.9614477412000001,1.8465594601582498,21.445964327,0.9507084048,-0.1642954347,19.2795944098,-3.025883238720606
Ga_mp-142_100,bridge_0,3.4166251777,4.425853287499991,23.2417511622,4.4614155373,3.8551241871,22.1920805199,-1.3536782762068658
Ga_mp-142_100,bridge_2,2.277752190449997,3.7989831072500007,23.2417511622,2.2777440395,3.798988475,23.2236619022,-0.4745082094510203
Ga_mp-142_100,bridge_3,4.254499972337862e-07,3.7989831072500007,23.2417511622,3.4119e-06,3.7989845425,22.1896696977,-1.3535896309909976
Ga_mp-142_100,hollow_0,4.480123587766664,4.64110074519999,23.2417511622,4.5454000305,3.8787672866,22.188978374,-1.354714361151815
Ga_mp-142_100,ontop_0,2.503887502999999,2.5263705538999996,23.2417511622,2.2942529683,0.1408532606,22.1992352835,-1.3531216642998969
Ga_mp-142_110,bridge_0,1.2589862442715785,4.02391765315,22.3568969647,3.2429439392,2.7805687488,21.3209487938,-1.0751437096426997
Ga_mp-142_110,bridge_1,3.0984763774633426,2.8853733127000005,22.3568969647,3.3635035126,2.6858963284,21.3079215551,-1.075154515291065
Ga_mp-142_110,bridge_2,3.457938492313339,4.02391765315,22.3568969647,3.3761987795,2.8017703957,21.321325877,-1.0739537632842222
Ga_mp-142_110,bridge_3,3.817400607163339,0.6069584635999994,22.3568969647,4.8770807785,0.4895182112,21.5705818243,-0.8836891823295513
Ga_mp-142_110,bridge_4,1.25898624427158,1.7461658881500004,22.3568969647,3.1741858097,2.5927727922,21.3059621163,-1.0724758999059525
Ga_mp-142_110,bridge_5,3.457938492313339,1.7461658881500004,22.3568969647,3.4000465928,2.5521204089,21.3145041407,-1.0741618556617458
Ga_mp-142_110,hollow_0,2.6051337046827587,3.6444028730000007,22.3568969647,3.2776626312,2.7657433882,21.3019579514,-1.073079085484553
Ga_mp-142_110,hollow_1,4.310743279943933,4.4034324333,22.3568969647,3.5239190307,2.8035810834,21.3136924339,-1.0738559587108398
Ga_mp-142_110,hollow_2,2.6051337046827587,2.125901696333333,22.3568969647,3.2839396455,2.631818024,21.2914176385,-1.0731791581301262
Ga_mp-142_110,hollow_3,4.310743279943947,1.3664300799666675,22.3568969647,3.5473516094,2.5415666855,21.3113199277,-1.0738713875723394
Ga_mp-142_110,ontop_0,0.899524129421578,2.8853733127000005,22.3568969647,3.1933821648,2.703304574,21.3104485215,-1.0750158677632071
Ga_mp-142_110,ontop_1,1.6184483591215784,0.6069584636000004,22.3568969647,0.5458145143,0.4969528963,21.6244056601,-0.8802144675051056
Ga_mp-142_111,bridge_2,5.227992350844058,5.359511266086719,20.108068863800003,5.4482106008,4.8263989968,18.8939860516,-1.4747387090345552
Ga_mp-142_111,hollow_2,4.819475366167958,4.317086328886713,20.108068863800003,5.3999690593,4.7128524753,18.8902811447,-1.474620691832934
Ga_mp-142_111,hollow_3,2.2200527116635564,3.2746613916867147,20.108068863800003,1.9589291656,3.6867199495,18.7810623039,-1.3442995542663032
Ga_mp-142_111,ontop_0,3.0370866810157544,5.359511266086711,20.108068863800003,4.8508229029,7.1505741895,18.9429504825,-1.5539533747491243
Ga_mp-142_111,ontop_1,4.002441396815755,2.2322364544867126,20.108068863800003,5.9250535658,4.632898406,18.9606964806,-1.408421698609496
Y_mp-112_100,bridge_0,3.0161009661719946,4.409366760500007,19.1637386859,3.0303429158,4.4093622532,19.3512134194,-0.0733046149463263
Y_mp-112_100,bridge_1,3.016100966171992,1.4697875855000038,19.1637386859,3.0060791351,1.4697879989,18.9692197738,-0.6855831874733281
Y_mp-112_100,bridge_2,1.1973197564721922,1.4697875855000038,19.1637386859,1.1904001141,1.4697893315,19.0322354153,-0.6895610247574757
Y_mp-112_100,ontop_0,1.1973197564721922,4.4093667605,19.1637386859,1.225545033,4.4093649369,19.7029281032,0.177309520496216
Y_mp-112_110,bridge_0,2.93958090315001,3.786265835969846,20.861191329599997,2.9254620515,3.8156166484,21.2123387578,0.1671645445788299
Y_mp-112_110,bridge_1,4.409370444600015,4.973818769419842,20.861191329599997,4.4093687423,5.8127540094,19.9986552671,-0.6842277046461666
Y_mp-112_110,bridge_2,2.9395809031500097,0.647954965917902,20.861191329599997,2.9108824589,0.6214997053,20.5332197618,-0.3127757201850264
Y_mp-112_110,bridge_3,1.469791361700009,2.5987129025198437,20.861191329599997,1.469789002,1.6501173099,20.3955380388,-0.6845663573214453
Y_mp-112_110,hollow_0,4.409370475300012,6.2743240604878,20.861191329599997,4.4093676421,5.8972367738,20.0086573746,-0.6847721680243162
Y_mp-112_110,hollow_1,1.4697913310000112,1.2982076114518837,20.861191329599997,1.4697904648,1.5539894324,20.4202980052,-0.684067207725892
Y_mp-112_110,ontop_0,1.4697912695999997,4.973818769419845,20.861191329599997,1.4697899645,1.8309541746,20.3860739334,-0.6846869432802127
Y_mp-112_110,ontop_1,4.4093705367,2.5987129025198454,20.861191329599997,4.4093698935,5.60158987,21.0544079655,-0.3394744982267169
Y_mp-112_111,bridge_0,6.2774972540438,0.8442407265818468,20.0734714378,6.4364058973,1.5223894006,19.6849962889,-0.674061052126617
Y_mp-112_111,bridge_1,6.6970336202875895,2.618291319872754,20.0734714378,6.680387396,1.9805890474,18.6440479604,-1.0578659169278606
Y_mp-112_111,bridge_4,3.122939627256203,0.8442407265818455,20.0734714378,6.426505488,1.8583453187,18.6188677117,-1.0588598636542343
Y_mp-112_111,hollow_0,5.086132589700004,0.2528905288182118,20.0734714378,6.3369166028,1.4572809685,19.688466643,-0.6738775262001457
Y_mp-112_111,hollow_1,1.1597466648124177,1.4355909243454816,20.0734714378,0.4769353187,1.8876109856,18.6160342167,-1.0580768841906365
Y_mp-112_111,ontop_0,3.5424759935,2.618291319872756,20.0734714378,0.7282414793,2.063852928,18.6133208025,-1.0590263389171184
Y_mp-112_111,ontop_1,5.857960887799999,5.203746345472756,20.0734714378,9.5317137239,7.846048829,19.0765163676,-1.0593461531407935
Y_mp-1187739_100,ontop_0,1.0144737973999989,3.4073349321138315,19.704092039499997,1.0221142112,0.5049866652,19.0129432421,-0.7961079512651864
Y_mp-1187739_110,hollow_0,-0.2167301602799519,3.967372658093652,18.8754440884,-0.2130859518,4.5099095227,18.8064886245,-0.4261109440375524
Y_mp-1187739_110,hollow_3,0.37141510096762004,6.875689516672519,18.8754440884,-0.2276667749,7.5448513122,17.0517454893,-0.9745489653118512
Y_mp-1187739_110,ontop_1,-0.18575588453498593,2.1021095074269853,18.8754440884,-0.1937358499,4.327963609,18.7905790685,-0.4266059860714766
Zr_mp-131_100,bridge_0,3.2392313798500014,2.586115948799998,18.3454391122,2.5948142259,1.4690576115,18.2042222,-0.9855788178611165
Zr_mp-131_100,bridge_1,2.429424946299999,1.2930597888999986,18.3454391122,2.4294484586,1.2930599398,18.1960588468,-0.986108404767057
Zr_mp-131_100,bridge_2,0.8098063983999995,3.8791721086999997,18.3454391122,0.8096432166,3.879170335,18.1914939516,-0.9861733570190933
Zr_mp-131_100,hollow_0,2.4294239995000004,0.43102389550000125,18.3454391122,2.4295762396,1.1755995013,18.2007474634,-0.9862401093035276
Zr_mp-131_100,hollow_1,0.8098073452000013,4.7412080021,18.3454391122,0.8093083047,6.2029564727,18.2580950514,-0.9488256248021733
Zr_mp-131_100,ontop_0,2.429422105899999,3.8791721087000006,18.3454391122,2.429571772,3.879173864,18.2668979989,-0.9489510312608253
Zr_mp-131_100,ontop_1,0.8098092387999999,1.2930597888999997,18.3454391122,0.8097702415,1.2930597171,18.2633768346,-0.949028760625798
Zr_mp-131_110,bridge_0,5.172219977150002,1.4026602367500056,19.8904125802,5.1721696206,1.4027609285,20.2721312769,-0.2454887770938084
Zr_mp-131_110,bridge_1,2.586109977150003,4.207916930876616,19.8904125802,2.5861418644,4.2077737409,19.5725655225,-0.676891618688783
Zr_mp-131_110,bridge_2,3.8791652890999995,2.445468203000002,19.8904125802,3.8791636409,3.2785858248,19.4786492306,-0.937896148305785
Zr_mp-131_110,hollow_0,3.8791650811333356,3.620434021584411,19.8904125802,3.8791647009,3.391657424,19.4802216422,-0.9375528479239684
Zr_mp-131_110,ontop_0,1.2930552891,2.4454682030000003,19.8904125802,1.2930536599,4.8509996072,19.4803768529,-0.937992774625015
Zr_mp-131_111,bridge_1,1.765720435373387,2.4792294207411434,19.4978540169,1.2047800743,4.5597427386,18.6416695856,-1.492658947935877
Zr_mp-131_111,bridge_2,3.837924957926621,0.20223736984114526,19.4978540169,3.9155301719,-0.573992989,18.4614488358,-1.492113125349369
Zr_mp-131_111,bridge_5,7.009707737839927,4.048763557377087,19.4978540169,6.7873222039,4.680563829,18.6623638375,-1.4921514594089798
Zr_mp-131_111,hollow_0,2.456455276224464,3.525585511831769,19.4978540169,1.2581745539,4.6392416176,18.65042337,-1.4925244569518157
Zr_mp-131_111,hollow_1,5.952446811202161,4.571941602922391,19.4978540169,6.6701737836,4.7637678533,18.6474202609,-1.4927505877692937
Zr_mp-131_111,ontop_0,4.5709771295,2.4792294207411416,19.4978540169,1.4249331161,4.5585383382,18.6556071259,-1.4929086832826186
Zr_mp-131_111,ontop_1,1.0326682638000002,0.20223736984114182,19.4978540169,3.7130501386,-0.584264932,18.4632202768,-1.492663493602291
Ru_mp-33_100,bridge_0,1.3539131560499977,6.2500078786429185e-09,24.4140983292,0.7210186138,0.9893646769,24.0806660861,-1.362692491919402
Ru_mp-33_100,bridge_1,2.030869743099999,3.2010763397000024,24.4140983292,2.0308697634,3.2010762764,24.5714569239,-0.7698045222124315
Ru_mp-33_100,bridge_2,0.6769565690000025,1.0670254528000052,24.4140983292,0.6769565834,1.0670254476,24.0800628389,-1.3629812592988264
Ru_mp-33_100,hollow_0,2.030869742566667,3.912426637400006,24.4140983292,2.0308697047,5.2416581915,24.1699018006,-1.3038146564781692
Ru_mp-33_100,hollow_1,0.6769565695333327,0.3556751551000101,24.4140983292,0.6769565681,1.0127022291,24.0797419435,-1.3628421995207622
Ru_mp-33_100,ontop_0,0.6769565705999999,3.2010763397,24.4140983292,0.6769565462,3.2010763416,24.8063894872,-0.5067886320363406
Ru_mp-33_100,ontop_1,2.0308697415,1.0670254527999998,24.4140983292,2.0308697579,1.0670254474,24.1682818026,-1.3040176970613542
Ru_mp-33_110,bridge_0,4.268101776250002,4.279573067901637,19.038726064899997,4.2699357281,4.263696785,19.2370377736,-0.7952650046772844
Ru_mp-33_110,bridge_1,3.2010762291000048,0.3729479945034754,19.038726064899997,3.20107616,1.2252023257,18.4092857953,-1.5072354391206573
Ru_mp-33_110,bridge_2,4.268101776250003,1.9411479848034743,19.038726064899997,4.2741782774,1.9771566761,18.5212601108,-1.293430881474818
Ru_mp-33_110,bridge_3,1.0670255434000038,3.5093479751034735,19.038726064899997,1.0670254826,2.7342058307,18.4995501073,-1.5073096541315063
Ru_mp-33_110,hollow_0,3.2010762972000015,1.4184146547034726,19.038726064899997,3.2010762698,1.3266134953,18.4051645275,-1.5070249358126042
Ru_mp-33_110,hollow_1,1.067025475300002,2.4638813149034737,19.038726064899997,1.0670254761,2.6252708365,18.4969444978,-1.506976284546567
Ru_mp-33_110,ontop_0,1.0670253390999997,0.37294799450347205,19.038726064899997,1.0670253209,0.3612303407,19.1164896455,-0.5900689870343201
Ru_mp-33_110,ontop_1,3.2010764334000004,3.509347975103472,19.038726064899997,3.2010765161,3.4917580006,19.3285127227,-0.5901994425696026
Ru_mp-33_111,bridge_0,1.7444868421932365,3.2345322881018044,18.888590544199996,-0.6879491806,3.9098335089,17.8832181493,-1.8379074317703208
Ru_mp-33_111,bridge_1,4.089533246000006,3.2345322881018044,18.888590544199996,3.8248692068,3.9080523473,17.8852547186,-1.837775661928419
Ru_mp-33_111,bridge_2,3.7068633348932387,4.439825447351805,18.888590544199996,3.7747721902,3.9984526395,17.8840003448,-1.8377733748090683
Ru_mp-33_111,bridge_3,4.472203157106762,2.029239128851805,18.888590544199996,3.8506236853,3.8107675246,17.885932059,-1.8379252810905704
Ru_mp-33_111,bridge_5,0.5719636402898537,0.9965657594475934,18.888590544199996,1.3813089034,-0.4006064743,18.0010296266,-1.837907384147781
Ru_mp-33_111,hollow_0,3.18029447436217,3.6362966745184733,18.888590544199996,3.7383835476,3.9565685737,17.8837269357,-1.8376556419660448
Ru_mp-33_111,hollow_1,4.998772017637842,2.832767901685135,18.888590544199996,3.892355071,3.8746175824,17.8854995125,-1.8379262226024784
Ru_mp-33_111,ontop_0,2.1271567532999995,2.0292391288518044,18.888590544199996,-0.6560147525,3.8111971297,17.8862435778,-1.8377779082249133
Ru_mp-33_111,ontop_1,6.0519097387,4.439825447351804,18.888590544199996,6.0466531971,4.4392189439,18.6831921239,-1.0090206335074543
Pd_mp-1186427_100,hollow_0,0.6906404033666688,6.470269220933338,20.470651392800004,0.6906404197,7.8729262114,19.9640979768,-1.3559184302229372
Pd_mp-1186427_100,hollow_1,2.071921245433334,7.224304610266675,20.470651392800004,2.0719212109,7.9185791882,19.8831120252,-1.4935728917850308
Pd_mp-1186427_110,hollow_0,1.5632566778561603,2.6593609061333328,18.922975803500005,1.8816251924,3.3795643316,18.0973577814,-1.879310281642182
Pd_mp-1186427_110,hollow_1,3.1047281596702305,0.3799929278666669,18.922975803500005,3.3480091583,1.0676881623,18.0030320035,-1.8847089063919056
Pd_mp-1186427_110,hollow_2,3.6677005621368934,1.8995660349666699,18.922975803500005,3.3125164941,1.2124614467,18.0077750961,-1.884594674297449
Pd_mp-1186427_110,hollow_3,0.43731187292282575,8.738608781933335,18.922975803500005,0.0050625265,8.0182793156,18.2360341784,-1.8792486899980825
Ag_mp-10597_100,hollow_0,2.191729089633337,4.309857928266666,25.3857992031,2.1916713889,5.6642649782,24.9750377283,-0.6787984833967179
Ag_mp-10597_100,hollow_1,0.730577609766668,0.3918061429333337,25.3857992031,0.7305740595,1.0516879804,24.8015623509,-0.7799511593873992
Ag_mp-10597_110,hollow_0,1.175414219633335,3.5418993557053655,19.2487192218,1.1754075533,3.6147079863,18.3459758698,-1.0176618326238076
Ag_mp-10597_110,hollow_1,3.526244739766668,2.4208154662053647,19.2487192218,3.526246107,2.2243360649,18.4504281197,-1.0173581588449006
Ag_mp-10597_111,hollow_0,3.942393513328418,3.4268335745381635,19.058029626100005,2.5799090888,4.7187840409,18.0458281056,-1.1900436529417198
Ag_mp-10597_111,hollow_1,7.016969143439113,4.321266086842271,19.058029626100005,7.4273709595,4.7543481359,17.6726429826,-1.1893338694241558
Sn_mp-117_100,bridge_0,0.7742830117729202,1.1614220203729193,20.322790724,0.7743083442,1.1614244428,18.7906805111,-1.0871078737720783
Sn_mp-117_100,bridge_2,0.7742830117729205,3.484258602400001,20.322790724,0.7742868164,3.4842565181,19.9091338746,-0.6977992393713189
Sn_mp-117_100,ontop_0,3.0971195938,3.4842586023999997,20.322790724,3.0971561664,3.4842569124,20.8799130531,-0.0472355263880633
Sn_mp-117_110,bridge_1,1.1614222277729191,4.083648202100001,23.7811795714,1.1614172274,2.7196133123,21.92071255,-1.5322867192742506
Sn_mp-117_110,bridge_2,3.2766229199259907e-06,1.6424680123209396,23.7811795714,-6.5653e-06,1.642472996,22.6601033261,-1.0384077209888902
Sn_mp-117_110,hollow_0,1.1614217876819461,2.4561947422472934,23.7811795714,1.1614167289,2.4719827192,21.9631626043,-1.5250943340033314
Sn_mp-117_111,bridge_0,-0.7742808032406151,4.023269140375265,22.5413129396,-0.774063366,4.0231310188,22.046219675,-0.7185433072941225
Sn_mp-117_111,hollow_0,0.38713748777292056,0.6705433255831554,22.5413129396,0.3871494289,0.670548026,21.7883920575,-0.8812568954203313
Sn_mp-117_111,hollow_1,0.3871374877729251,3.3527239774168445,22.5413129396,0.38714117,3.3527133518,21.7827072803,-0.8781377832542552
Sn_mp-117_111,ontop_0,2.7099740698,2.0116336515,22.5413129396,2.7099470674,2.0116333762,23.0755678227,-0.0078243686785775
Sn_mp-623511_100,ontop_0,0.8755346635,1.1691639104999998,20.4420923962,0.875531176,1.1691632257,20.9491855575,0.0272573178767505
Sn_mp-623511_110,ontop_0,0.7051360594999999,2.550252068,24.093577007800004,0.7050043268,2.5503765156,24.6479405027,-0.0480112689796434
Sn_mp-623511_111,ontop_0,5.7781444375,3.942665892679393,17.0588391758,5.7781736096,4.7437230876,15.9510133261,-0.8572812737427195
Ni_mp-10257_110,bridge_0,2.0364040911500005,1.0599830768,18.0703038155,2.0363842769,1.0600161332,18.0719522734,-0.9377587919600516
Ni_mp-10257_110,bridge_1,3.0614999998387834e-07,3.180033097246051,18.0703038155,0.0003864007,3.1798520268,17.5791893792,-1.4833338365360522
Ni_mp-10257_110,bridge_2,1.0182021840000008,3.863558276146052,18.0703038155,1.0182022164,3.7359051612,17.5138902955,-1.6091885193944109
Ni_mp-10257_110,hollow_0,0.3394009321000025,4.1145581636947375,18.0703038155,0.9286270911,3.7382779372,17.5158226094,-1.6068179547432482
Ni_mp-10257_110,ontop_0,1.0182021839999997,1.7435082556999997,18.0703038155,1.0182033412,3.5692379132,17.5086043256,-1.6089928599027572
Ni_mp-10257_111,bridge_3,3.566810773061026,0.40390720624968174,18.5857686815,3.6742106659,0.0002608546,17.6621431042,-1.86792603325944
Ni_mp-10257_111,hollow_0,1.9216725708880344,1.7141237844496784,18.5857686815,3.5580322611,0.1011003639,17.6721296183,-1.8679021756662133
Ni_mp-10257_111,hollow_1,3.8018989208264324,1.0590154953496824,18.5857686815,3.6802487803,0.0499371759,17.6650968818,-1.8672491265566256
Ni_mp-10257_111,hollow_2,2.629786743223,3.1309943808874743,18.5857686815,1.6632243097,4.1233158593,17.4034741217,-1.8685038959128093
Ni_mp-10257_111,hollow_3,5.218127265496363,3.892756688225271,18.5857686815,5.7716665863,4.1778374135,17.6726168687,-1.8681351229384568
Ni_mp-10257_111,ontop_0,4.272075216357234,2.369232073549682,18.5857686815,1.7860955519,4.0464469065,17.4023317763,-1.8673641926797155
Ni_mp-10257_111,ontop_1,1.4514962753572331,0.4039072062496821,18.5857686815,3.5103352273,-0.0013069998,17.6616876934,-1.8679637741130912
Nb_mp-1104341_100,hollow_1,1.7628933422536117,8.978685823872105,18.611788426399997,1.761664219,9.166854776,17.7845004354,-1.9755722050910505
Nb_mp-1104341_100,hollow_2,4.293631901625588,4.777270091052543,18.611788426399997,2.2137202655,3.7201680034,17.1261602046,-2.056034732548574
Nb_mp-1104341_100,hollow_3,2.1238090727417918,0.6451087747329854,18.611788426399997,2.0099828872,0.8133382503,17.8223458992,-1.3610201228148673
Nb_mp-1104341_100,ontop_0,4.382483803654436,2.0524837270525493,18.611788426399997,4.5269066754,-0.3846385057,17.2258454925,-1.97598436528362
Nb_mp-1104341_100,ontop_1,4.173448610054434,7.571310871552549,18.611788426399997,3.7855561722,4.9942220915,17.8012018298,-1.7454161770493588
Nb_mp-1104341_100,ontop_2,1.9145909512544346,6.139663273052547,18.611788426399997,2.0404377385,3.8044730866,17.1207111161,-2.0560619684372687
Nb_mp-1104341_110,hollow_0,3.000453688445366,4.439581121093441,16.9807879087,2.3460262338,5.4360519418,15.9063843411,-1.7022359778494716
Nb_mp-1104341_110,hollow_1,2.830889706012034,6.276533913626762,16.9807879087,2.3453337547,5.5211321248,15.9099542283,-1.7022750289262203
Nb_mp-1104341_110,hollow_2,5.891128580299591,9.125950598977692,16.9807879087,7.1784622682,10.7292279001,15.2381051601,-1.792777135745456
Nb_mp-1104341_110,hollow_3,5.333193813965296,1.539966292509177,16.9807879087,5.8583876973,1.0923610761,16.3949914021,-1.7923376661917136
Nb_mp-1104341_110,ontop_0,5.083851668445366,6.975989162626765,16.9807879087,2.065756808,10.6201149923,15.0778132241,-1.7928414907064638
Nb_mp-1104341_110,ontop_1,2.7028556808453668,8.063288562926765,16.9807879087,2.6933959179,8.0358522237,16.6659684663,-0.9684135619739024
Nb_mp-1104341_110,ontop_2,0.7059617687453664,3.7903240153267648,16.9807879087,0.7108934953,3.805636768,16.884925022,-1.035120812444345
Nb_mp-1104341_110,ontop_3,3.2115476281453668,2.552430185326765,16.9807879087,2.3689708466,5.3352442863,15.9051102198,-1.7022034139625122
Cd_mp-94_100,bridge_0,1.4792504838499998,2.9430220455000042,18.150599972699997,1.7677263615,2.4218195702,17.65447146,-0.5396122200164548
Cd_mp-94_100,bridge_2,2.2188295118000028,1.4714830506000007,18.150599972699997,2.218863935,1.4714936305,17.789113661,-0.433002939944221
Cd_mp-94_100,hollow_0,0.7396450045333328,3.433535043800002,18.150599972699997,0.7396101347,3.4017507659,17.8449567797,-0.4582269771152523
Cd_mp-94_100,hollow_1,2.2188559631666678,0.4905330705333362,18.150599972699997,2.2188726873,0.6711145981,17.7662669169,-0.4600194899933403
Cd_mp-94_100,ontop_0,2.2189088659,4.4145610404,18.150599972699997,2.219091327,4.4147850702,17.9108145093,-0.2900533453870199
Cd_mp-94_100,ontop_1,0.7395921017999999,1.4714830505999998,18.150599972699997,0.7395608354,1.4714905515,17.9694760101,-0.2874744869942469
Cd_mp-94_110,bridge_0,1.9175900002204146e-05,2.0728400521946417,19.9951529813,0.0073023742,2.1504853845,18.9469725229,-1.074742828576798
Cd_mp-94_110,bridge_2,1.917590000261477e-05,4.626283940170738,19.9951529813,0.0145883715,4.6781514337,19.0716681699,-0.8031794308467697
Cd_mp-94_110,hollow_0,0.49050401013333406,3.1438283650787087,19.9951529813,0.5386792262,2.7525127301,18.9632581856,-1.1240776709378766
Cd_mp-94_110,hollow_1,3.4334862950000016,1.0018517393105797,19.9951529813,3.4974811443,1.5554511435,18.9106393796,-1.1198020797132306
Cd_mp-94_110,ontop_0,1.4714736785999998,0.17891721489464382,19.9951529813,1.4714761131,-2.1624839805,18.5866475825,-1.0973276565497387
Cd_mp-94_110,ontop_1,4.4144926032,3.9667628894946443,19.9951529813,4.4146891766,6.4508655677,19.2754461247,-1.0972282070466792
Cd_mp-94_111,bridge_1,5.4522869896382975,5.417753820368551,19.1163085154,5.5757574056,5.1744192419,17.8025347583,-1.0462384176781914
Cd_mp-94_111,bridge_4,2.0301791206234037,0.5830144229394323,19.1163085154,2.6019097938,-0.3011823143,18.0984223139,-1.0790352432479131
Cd_mp-94_111,hollow_3,4.31158436663335,5.826649934878262,19.1163085154,5.0787209091,5.5836995016,17.8283765039,-1.0828951245538951
Ge_mp-1198022_100,bridge_0,0.634541366700013,2.053674678350001,18.6509529567,0.6395104739,1.1743869065,15.8685574831,-4.659227916549946
Ge_mp-1198022_100,bridge_2,0.6345292725000121,6.184476841750007,18.6509529567,0.6771526828,6.3169612417,17.2304441847,-4.726732641991344
Ge_mp-1198022_100,bridge_6,5.283274992100011,3.0342012222,18.6509529567,5.9936876144,0.5536524422,17.8250015354,-4.457770371101036
Ge_mp-1198022_100,bridge_8,6.77064936954999,5.204288759250002,18.6509529567,5.8981044416,6.1577482419,16.922151055,-4.635551633872495
Ge_mp-1198022_100,hollow_0,5.530614720700014,0.37279304666666707,18.6509529567,6.0173976447,1.0970801389,17.8380934166,-4.457321576210038
Ge_mp-1198022_100,hollow_1,1.9360363826666833,1.2130668441999972,18.6509529567,0.6916360232,1.1578462164,15.870739178,-4.658128580067582
Ge_mp-1198022_100,hollow_3,6.02677959486668,2.7072494273333336,18.6509529567,6.0253779152,0.5564617768,17.8251431974,-4.4575992903094575
Ge_mp-1198022_100,ontop_0,7.513767144500003,10.316281115,18.6509529567,6.0542273619,11.8520845501,17.8274203454,-4.458279169860312
Ge_mp-1198022_100,ontop_1,6.027509938700002,8.3552316809,18.6509529567,6.0402498784,11.8043076395,17.8329205234,-4.458551102903872
Ge_mp-1198022_110,bridge_0,8.2104770843,4.124511869550002,17.8962544022,7.9853626221,4.47730131,17.1438340992,-3.029761906767101
Ge_mp-1198022_110,hollow_0,7.6663665329666655,4.529937526733335,17.8962544022,8.2221231246,4.5436018226,17.1632632956,-3.023592134069738
Ge_mp-1198022_110,hollow_2,3.99004030823334,3.7191071994000064,17.8962544022,4.0617957088,4.1449230352,15.3201288062,-3.080799162350883
Ge_mp-1198022_110,hollow_4,5.787302465533332,7.55696781423333,17.8962544022,5.2519204194,8.1794573485,15.0190873611,-3.4368538278220773
Ge_mp-1198022_110,ontop_0,6.5781454303,5.340788841100001,17.8962544022,8.0395732843,4.4725595836,17.1343263546,-3.0198929728253594
Ge_mp-1198022_110,ontop_2,6.8235024358000045,2.9083034584,17.8962544022,6.6449179646,0.5548440151,15.0658904451,-3.262892983020365
Ge_mp-1198022_111,hollow_0,5.736366692453849,6.691226875616753,19.441641049,7.2291556049,6.5112223706,15.2464815385,-4.216405517054347
Ge_mp-1198022_111,hollow_2,12.848687922062174,6.691218483250073,19.441641049,12.9777657988,7.0409828424,18.6937914768,-3.29847990229025
Ge_mp-1198022_111,hollow_3,9.313632640687556,5.430768788961614,19.441641049,9.3888798941,5.4743327937,18.7581473977,-1.0729714399053958
Ge_mp-1198022_111,ontop_0,3.940395998987558,6.09516390572828,19.441641049,5.4534425364,6.3360857961,16.7254249062,-3.020733629573109
Ge_mp-1198022_111,ontop_2,14.722330836387556,8.58450680302828,19.441641049,14.7027658272,8.573002924,19.5894203006,-1.0741993039866606
Ge_mp-1198022_111,ontop_4,7.263913477887559,4.23561289912828,19.441641049,4.3455012137,2.4713607789,15.51505302,-2.983478609318565
Hf_mp-103_100,bridge_0,1.5961884048999988,2.5225204223500017,18.2928496057,2.2677349306,1.4363129918,18.1163780201,-0.9600128694500876
Hf_mp-103_100,bridge_1,0.7980836778,3.7837806762000024,18.2928496057,0.7980434558,3.7837811887,18.4868774206,-0.3199096989087269
Hf_mp-103_100,hollow_1,2.394287418933333,0.42041979106666744,18.2928496057,2.3943552453,1.1425354719,18.1103733393,-0.9601385453006068
Hf_mp-103_100,ontop_0,2.394275992799999,3.7837806762000006,18.2928496057,2.3942804051,3.7837806988,18.7343818596,-0.1036624419176289
Hf_mp-103_110,bridge_0,2.4500001158844037e-08,4.147029728430985,19.8068167839,-5.6384e-05,4.1469202759,19.6417667436,-0.5293678449362577
Hf_mp-103_110,bridge_2,2.5225208445000096,1.3823435402000008,19.8068167839,2.5225626039,1.3824441188,20.3235142963,-0.2591219497213328
Hf_mp-103_110,hollow_0,3.7837812299666806,3.572732779887321,19.8068167839,3.7837815252,3.2688914069,19.425674083,-0.8591632835559345
Hf_mp-103_110,ontop_0,1.2612603608999997,2.4241388828,19.8068167839,1.261260826,-0.2254897055,19.4413126136,-0.8598254239952561
Hf_mp-103_111,bridge_4,3.5792848633247996,3.6424455313646384,19.346696502400004,3.6419211878,2.9539140057,18.5899888639,-1.3712945501648108
Hf_mp-103_111,hollow_0,4.941658642364175,1.5869224286979735,19.346696502400004,3.7630926871,2.7555611921,18.6024449262,-1.37179664267185
Hf_mp-103_111,hollow_1,2.883271201972687,2.614683980031309,19.346696502400004,3.592893083,2.8453788783,18.5953609788,-1.3718299371815037
Hf_mp-103_111,ontop_1,6.333685965068424,3.6424455313646376,19.346696502400004,6.4051104447,7.779402634,18.8964357803,-1.371476395788087
Ta_mp-50_100,bridge_0,0.8274636632000006,2.482391879151493,20.0266553993,0.8273899137,2.4824301463,20.4173240406,-0.6088019461023698
Ta_mp-50_100,ontop_0,0.8274636631999999,0.8274640732999999,20.0266553993,0.827418016,0.8274188257,20.8270330016,-0.3308839245540392
Ta_mp-50_110,bridge_0,0.6688319816988789,0.5404965387400326,21.198464471500003,0.6688330704,0.540497067,21.6076984696,-0.7008521489245428
Ta_mp-50_110,bridge_1,2.1020415029955117,0.5404965387400326,21.198464471500003,2.1020418098,0.5404963886,21.4723969456,-0.8228213921706176
Ta_mp-50_110,hollow_0,2.739023512460683,0.09008224035337724,21.198464471500003,2.2140280145,0.4613105614,21.4679882888,-0.8223613331119476
Ta_mp-50_110,ontop_0,0.19109547459999987,1.8917394338999998,21.198464471500003,0.1910946625,1.8917383198,21.7741836476,-0.5649618867781865
Ta_mp-50_111,bridge_1,3.45340281429516,2.3388136365076626,18.5605981597,4.4801175206,1.7752607152,18.7016412387,-1.0194104371921169
Ta_mp-50_111,bridge_4,2.292259664522839,0.31370036480106295,18.5605981597,2.3238047489,0.3319746028,17.8661211008,-1.6105653346013102
Ta_mp-50_111,ontop_0,4.6468690057451605,1.677830435607662,18.5605981597,4.6328182337,1.6696899986,18.7030515599,-1.0194754996482296
Ta_mp-50_111,ontop_1,2.2599366228451596,2.999796837407662,18.5605981597,2.2134133385,2.9728444234,19.2159845762,-0.2704141147289105
Os_mp-49_100,bridge_0,1.3730671116499993,4.326314198950001,24.555911635899996,0.7266180623,5.3301886854,24.2369058622,-1.5763263211569472
Os_mp-49_100,bridge_2,0.6865335557999992,1.0815785320000029,24.555911635899996,0.6865335811,1.0815785309,24.2338361471,-1.5765734659785813
Os_mp-49_100,hollow_0,2.059600668599998,3.965788014600001,24.555911635899996,2.0596008063,5.2782492714,24.340161513,-1.476327175873293
Os_mp-49_100,hollow_1,0.6865335546999966,0.3605261633000036,24.555911635899996,0.6865335197,1.0284567449,24.2348440165,-1.5765322393492798
Os_mp-49_100,ontop_0,0.6865335524999999,3.2447356459,24.555911635899996,0.6865335682,3.244735525,25.0081909542,-0.6557421226802238
Os_mp-49_100,ontop_1,2.0596006707999996,1.0815785319999998,24.555911635899996,2.0596006588,1.0815785759,24.3481266654,-1.4765637735490338
Os_mp-49_110,bridge_1,4.326314151900001,1.1890896056,18.751916587,4.326314321,1.1890969691,18.9978889406,-1.1538731226215098
Os_mp-49_110,bridge_2,4.3263141519,3.5673116109820207,18.751916587,4.3262703324,3.5673422908,18.3423916435,-1.7155629882115584
Os_mp-49_110,hollow_0,3.965788016566659,2.544831375754679,18.751916587,3.3198938998,2.8690381763,18.2713082489,-1.9495606087745705
Os_mp-49_110,ontop_0,1.0815783378999995,1.8783083058999999,18.751916587,1.0815773862,-0.3237225936,18.2802914559,-1.9500296108614843
Os_mp-49_111,bridge_2,2.0694067021385014,2.630215251933887,18.2876589402,-0.448535391,3.3875260485,17.5342616726,-2.284433230687432
Os_mp-49_111,bridge_5,4.0285490315385015,3.8560628371838845,18.2876589402,4.0539547166,3.486257072,17.286739754,-2.284272488862507
Os_mp-49_111,hollow_0,5.373687351303141,2.221599390183881,18.2876589402,4.1773651136,3.3501939562,17.2879735577,-2.2845065354748213
Os_mp-49_111,hollow_1,3.513919763731429,3.038831113683885,18.2876589402,4.0130277497,3.4338879643,17.2877290488,-2.284258212402128
Os_mp-49_111,ontop_0,2.484661228117285,1.4043676666838834,18.2876589402,-0.41391555,3.2807771996,17.5353302368,-2.284498742133084
Os_mp-49_111,ontop_1,6.402945886917284,3.856062837183883,18.2876589402,4.264385041,3.4857654002,17.2899729545,-2.2843065208007265
Ir_mp-101_100,bridge_0,2.043850840233774,2.0438564881000003,21.5577544784,2.043854104,2.0438589754,21.6733687856,-1.2216031747914005
Ir_mp-101_100,bridge_1,2.043850840233773,0.6812867038662319,21.5577544784,2.0438492599,0.6812861783,21.3635388683,-1.737740785346136
Ir_mp-101_100,ontop_0,0.681281056,2.0438564881,21.5577544784,0.6812669797,2.0438594927,21.9137285924,-0.8372477417343229
Ir_mp-101_110,bridge_0,2.0438541020000005,2.8904443334431815,18.7011711942,2.0438631485,2.8904479595,18.323990784,-1.4895169251300862
Ir_mp-101_110,bridge_1,0.6812843177662329,0.9634796649000006,18.7011711942,0.6812837681,0.9634727414,18.8306890993,-1.0535851773057152
Ir_mp-101_110,ontop_0,2.043854102,0.9634796649000004,18.7011711942,2.0438589939,0.9634890556,19.0760478214,-0.6721522894250427
Ir_mp-101_111,bridge_0,1.8167682842506534,0.7866860503244744,23.080843418100002,1.8260400693,0.7813278661,23.1928357908,-1.0740972217845175
Ir_mp-101_111,hollow_0,1.1354833921337701,1.180026066182982,23.080843418100002,1.1354850157,1.1800271649,23.1603379418,-1.1406700084843315
Ir_mp-101_111,hollow_1,-0.2270863921000014,0.39334603446596567,23.080843418100002,-0.2270956337,0.3933421578,23.1437262307,-1.1491219115023357
Ir_mp-101_111,ontop_0,-0.22708639210000015,1.9667060978999997,23.080843418100002,-0.2270870497,1.9666962047,23.4869966695,-0.5964143562600821
Ir_mp-2647032_100,bridge_0,1.3756907237000016,4.462289173100001,24.5134922218,0.7433534728,3.4165473515,24.0798118047,-1.8671163267620603
Ir_mp-2647032_100,bridge_1,2.0635348266999975,1.1155721894999981,24.5134922218,2.0635343789,1.1155715336,24.5953013428,-1.262488774049311
Ir_mp-2647032_100,hollow_0,2.063535073866666,0.37185684523333173,24.5134922218,2.0635292206,-0.6058471968,24.2225753318,-1.6642929391140946
Ir_mp-2647032_100,hollow_1,0.6878463735333354,2.603001500966665,24.5134922218,0.6878441752,3.2889247567,24.0859428466,-1.867426827885128
Ir_mp-2647032_100,ontop_0,2.0635355682,3.3467161567,24.5134922218,2.0635367577,3.34671682,24.2213531747,-1.6593921700569978
Ir_mp-2647032_100,ontop_1,0.6878458791999998,1.1155721894999997,24.5134922218,0.6878469604,1.115575575,24.8756936936,-0.821144314131449
Ir_mp-2647032_110,bridge_0,2.231144272849998,3.5741441130809566,18.715243474099996,2.2311402466,3.574147513,18.185614315,-2.218453026642341
Ir_mp-2647032_110,bridge_2,2.231144272849999,1.1913809605999992,18.715243474099996,2.231135551,1.1913762848,18.8055862754,-1.540055560370735
Ir_mp-2647032_110,hollow_0,1.8592870854999954,2.5483318926539713,18.715243474099996,1.1839581321,2.8659562201,18.1318402348,-2.4221190302582456
Ir_mp-2647032_110,ontop_0,1.1155727107999998,0.49670745179999987,18.715243474099996,1.1155752733,2.6999796615,18.1329841814,-2.422496125839131
Ir_mp-2647032_111,bridge_3,4.740577234061608,2.6964669723404495,18.1905402408,7.2708838908,3.5557111933,17.0505063158,-2.6072300196780787
Ir_mp-2647032_111,bridge_5,2.361624704665994,2.6964669723404504,18.1905402408,2.7058999509,3.5513074382,17.2964544307,-2.6071197223503573
Ir_mp-2647032_111,hollow_0,1.427004527450794,2.266613492640455,18.1905402408,2.6283033289,3.5189410569,17.3027427927,-2.60691128438614
Ir_mp-2647032_111,hollow_1,3.296244881881201,3.1263204520404564,18.1905402408,2.7853519477,3.587629711,17.3002924194,-2.607169609008933
Ir_mp-2647032_111,ontop_0,4.315669231811604,1.4069065332404516,18.1905402408,7.2329845174,3.4451569251,17.0529571732,-2.607273536149078
Ir_mp-2647032_111,ontop_1,5.165485236311604,3.9860274114404515,18.1905402408,2.9422604705,3.6579517811,17.2962490819,-2.6072713850868365
Pt_mp-126_100,bridge_0,0.6970293035455768,0.697054037745578,21.792662749000005,0.6970400896,0.697061356,21.4918934636,-1.8401614186972888
Pt_mp-126_100,bridge_1,0.697029303545577,2.091168218700001,21.792662749000005,0.6970309543,2.0911686021,21.8257781195,-1.2679269233587265
Pt_mp-126_100,ontop_0,2.0911434845,2.0911682187,21.792662749000005,2.0911323937,2.0911455309,22.100699764,-0.8430867136054393
Pt_mp-126_110,bridge_0,0.6970637713455746,0.9857798994000001,18.8872865836,0.6970631795,0.9857857536,18.9043171792,-1.3133837412113962
Pt_mp-126_110,bridge_1,2.091177952299999,2.9573550816024055,18.8872865836,2.0911448602,2.9573477496,18.3951498663,-1.7454025631869876
Pt_mp-126_110,bridge_2,0.6970637713455762,2.9573550816024055,18.8872865836,0.6970451451,2.9573595406,18.2990697935,-2.101173835536841
Pt_mp-126_110,ontop_0,2.091177952299998,0.9857798993999999,18.8872865836,2.0911702098,0.9857729891,19.2081441825,-0.8324058091652772
Pt_mp-126_111,bridge_0,8.701422789672945e-06,3.4202173358467473e-06,23.391071311599998,0.005867055,-0.0033809976,23.4056059262,-1.2867201447897916
Pt_mp-126_111,hollow_0,-0.6970483890544255,2.0122339143551127,23.391071311599998,-0.6970522928,2.0122351093,23.3461715778,-1.3844765142445918
Pt_mp-126_111,hollow_1,2.0911799728544245,0.4024495190448897,23.391071311599998,2.0911822708,0.4024504323,23.3596571139,-1.376294759202934
Pt_mp-126_111,ontop_0,0.6970657918999998,1.2073417166999998,23.391071311599998,0.6970238658,1.2073447122,23.7247735958,-0.7714352823670522
Pt_mp-2647022_100,bridge_1,2.0705007784999965,1.1980298592000016,24.513429364500002,2.0704842931,1.198013852,24.2220721878,-2.244468667929633
Pt_mp-2647022_100,bridge_2,0.6901701484999981,3.5940981477999996,24.513429364500002,0.6901691379,3.594093685,24.2149631546,-2.2445750998780265
Pt_mp-2647022_100,hollow_0,2.0705015043333317,1.9967192887333332,24.513429364500002,2.0705147409,1.5399333855,24.1832229511,-2.328260610858373
Pt_mp-2647022_100,hollow_1,0.6901694226666663,4.392786718266663,24.513429364500002,0.6901567025,3.6307995718,24.167162754,-2.34594380037052
Pt_mp-2647022_100,ontop_0,2.0705029559999995,3.5940981478,24.513429364500002,2.0706159865,3.5938394966,24.4102595768,-1.784030812186098
Pt_mp-2647022_100,ontop_1,0.6901679709999999,1.1980298591999998,24.513429364500002,0.6902018275,1.198148085,24.41055003,-1.783962478917791
Pt_mp-2647022_110,bridge_1,1.198032511999997,2.8982017582441904,18.7669833223,1.198035249,2.9643421897,17.9252058702,-2.763055760275916
Pt_mp-2647022_110,bridge_2,4.792132047750001,3.58619550469419,18.7669833223,4.7921162077,3.586186288,18.103734453,-2.342835808143321
Pt_mp-2647022_110,hollow_0,0.3993428691666651,2.5599287378961275,18.7669833223,0.9983970803,2.9291770298,17.9235586484,-2.760606566925716
Pt_mp-2647022_110,ontop_0,1.1980325119999988,0.5073952042999998,18.7669833223,1.1980582532,2.7628980896,17.931481695,-2.76322526552832
Pt_mp-2647022_111,bridge_3,2.5891706220000072,2.0956109138653765,18.891680396,0.8167036228,2.6707381649,17.9097112327,-2.9090389293242054
Pt_mp-2647022_111,bridge_4,4.243340580844194,0.9622583936653794,18.891680396,4.2664581034,0.313214689,18.0397185147,-2.9085051845163874
Pt_mp-2647022_111,hollow_0,5.225522707644199,4.133383579479467,18.891680396,5.9572506538,4.2604423115,17.9385571927,-2.808120729886671
Pt_mp-2647022_111,hollow_3,3.9374961262627934,1.717826740465379,18.891680396,4.2311595512,0.3398510028,18.0352119866,-2.9087991506320128
Pt_mp-2647022_111,ontop_0,3.3258072171000004,3.2289634340653777,18.891680396,6.3891234106,5.0613833227,17.7896512243,-2.9089394294808977
Pt_mp-2647022_111,ontop_1,1.8525340268999997,0.9622583936653781,18.891680396,0.7507262498,2.5626287746,17.9152931859,-2.908894990543603
Au_mp-81_100,bridge_0,0.7373849291814921,0.7373940783999995,22.28595058,0.7374019019,0.7377924186,22.3116268341,-0.8723508150885195
Au_mp-81_100,bridge_1,0.7373849291814923,2.212167281018508,22.28595058,0.7373821805,2.2121628436,21.8921346343,-1.3409459288108416
Au_mp-81_100,ontop_0,2.2121581318,0.7373940783999999,22.28595058,2.212153779,0.7373943547,22.6226175502,-0.5392605262764295
Au_mp-81_110,bridge_0,2.2121461368185065,1.042818927199997,19.2542189353,2.2121493067,1.0428203212,19.2492473032,-0.8225738895210015
Au_mp-81_110,bridge_1,0.7373729341999988,3.1284631917674965,19.2542189353,0.7374721191,3.1284749479,18.6002683744,-1.32246060437218
Au_mp-81_110,bridge_2,2.2121461368185082,3.1284631917674965,19.2542189353,2.2122058023,3.1283389907,18.523419071,-1.6401635879949936
Au_mp-81_110,ontop_0,0.7373729342,1.0428189271999997,19.2542189353,0.7373875698,1.0428005021,19.5734025765,-0.4522935871270809
Au_mp-81_111,bridge_0,0.4916030036092575,0.8514692163118378,23.9505581927,1.0331159209,1.164156712,23.7871937356,-0.949282334137661
Au_mp-81_111,hollow_0,-0.24578359769999752,0.425738863549117,23.9505581927,-0.2457754791,0.4257366318,23.7908029548,-0.9355072853510212
Au_mp-81_111,hollow_1,1.2289896049185114,1.2771995690745588,23.9505581927,1.2289812025,1.2772278551,23.7850781355,-0.95250700884998
Au_mp-81_111,ontop_0,-0.2457835976999989,2.1286602746,23.9505581927,-0.2457465341,2.1286758619,24.2546587488,-0.5184041582666991
Au_mp-1008634_100,bridge_0,2.5559273960500013,2.446583876450001,19.0030415102,2.5559299384,2.4465820454,18.9443191777,-1.1109485228218274
Au_mp-1008634_100,bridge_1,0.7164004796932302,3.6698779372,19.0030415102,0.6254118873,3.6698786495,18.0827720951,-1.960429056910184
Au_mp-1008634_100,hollow_0,1.0907740833621513,2.8543485633666665,19.0030415102,0.6675531013,3.4774910253,18.0779448183,-1.95846809049877
Au_mp-1008634_100,ontop_0,3.2723335014,3.6698779372,19.0030415102,0.8940970775,3.6698849294,18.0876212483,-1.9600242505980328
Au_mp-1008634_110,bridge_1,0.25860373558322747,4.893168232150005,20.155019072600002,0.6214908401,3.8212009137,19.5622079841,-1.4358573001365091
Au_mp-1008634_110,bridge_3,0.9893402694332267,3.6698829237000004,20.155019072600002,0.8792335114,3.6698925715,19.6334455559,-1.3189879453679902
Au_mp-1008634_110,hollow_0,2.4472126110849275,0.40776039163333516,20.155019072600002,2.3180228127,0.872636263,19.6695803766,-1.3347083004054503
Au_mp-1008634_110,hollow_1,0.988620124223568,2.854349926000001,20.155019072600002,0.8677465403,3.3171616129,19.7103830569,-1.3348346497387311
Au_mp-1008634_110,ontop_0,2.4486529015042473,3.6698829237000004,20.155019072600002,3.4146930771,3.6698669784,19.4752683365,-1.4342419429942237
Au_mp-1008634_110,ontop_1,0.9871798338042486,1.2232839306000003,20.155019072600002,1.9589358628,1.2232539206,19.5163403957,-1.433757852189353
Au_mp-1008634_111,bridge_2,1.2672548376688737,0.9307198924138761,23.517044498500002,1.360280627,1.7947567278,22.6547826694,-1.4495697137239238
Au_mp-1008634_111,bridge_5,1.159156279968871,3.8801794762138777,23.517044498500002,1.2037561564,4.803293717,23.1149640738,-1.3942470735415415
Au_mp-1008634_111,hollow_1,1.717594774452387,1.9138730870138791,23.517044498500002,1.3700923639,2.1529718305,22.8073016447,-1.379034703641511
Au_mp-1008634_111,hollow_3,0.7088163431853504,2.8970262816138828,23.517044498500002,1.2801391104,1.9732500577,22.6439333322,-1.4535905191686638
Au_mp-1008634_111,ontop_0,2.7263732057194305,0.9307198924138756,23.517044498500002,2.8550784678,0.0324022929,23.3042379101,-1.0113290473162615
Au_mp-1008634_111,ontop_1,2.6182746480194306,3.880179476213876,23.517044498500002,1.2620366146,4.848199211,23.1229110065,-1.3947560274035378
Pb_mp-20483_100,bridge_0,0.882028555953672,0.8820254608000009,24.4075110174,0.8820280957,0.8820268426,24.6420067748,-0.1194882479329875
Pb_mp-20483_100,bridge_1,0.8820285559536748,2.6460834572463297,24.4075110174,0.882024613,2.6460893841,24.1276276,-0.4647759896514179
Pb_mp-20483_100,ontop_0,2.6460865524,0.8820254607999999,24.4075110174,2.6460855212,0.8820133646,25.083689766,0.0834618237486519
Pb_mp-20483_110,bridge_0,2.6460860009000085,3.7421333255871034,20.6995336049,2.6460814382,3.7421407092,19.9775014101,-0.3291979238965073
Pb_mp-20483_110,bridge_2,0.8820280044536736,1.2473785822000028,20.6995336049,0.8820265038,1.2473789971,20.7912317266,-0.0242542718540778
Pb_mp-20483_110,ontop_0,2.6460860009,1.2473785821999999,20.6995336049,2.6460857953,1.2473787427,21.2492726507,0.2823363733019644
Pb_mp-20483_111,bridge_0,2.2423014486264803,1.2962437136213165,26.6156114979,2.230349375,1.2966127023,26.8457605029,-0.2191752975118795
Pb_mp-20483_111,bridge_1,3.1218035442861103,2.8234758298777827,26.6156114979,3.0937772459,2.8072752519,26.9147891166,-0.2200292960077849
Pb_mp-20483_111,hollow_0,2.2411782020164424,2.314398457792294,26.6156114979,2.2336309917,2.3100335926,26.7661378082,-0.2661496461623971
Pb_mp-20483_111,hollow_1,2.24342469523652,0.2780889694503392,26.6156114979,2.2364459523,0.274053785,26.7288471846,-0.2712065528722576
Pb_mp-20483_111,ontop_0,4.004675379775851,1.296243713621317,26.6156114979,3.9720807466,1.2774026783,27.3654622478,-0.0210467267194279
Hf_mp-1009460_100,bridge_0,2.0574882721999996,3.7217471091,18.8611714748,2.0574880806,3.7217479794,19.4383471062,-0.2842719868511575
Hf_mp-1009460_100,bridge_1,2.057488272199999,1.240582336600002,18.8611714748,2.0574887723,1.2405806066,18.660842716,-0.9683193302557505
Hf_mp-1009460_100,ontop_0,0.5143721471999998,3.7217471091,18.8611714748,0.51437373,3.7217482193,19.6345715598,-0.1390768408983992
Hf_mp-1009460_110,bridge_4,2.0574880014999994,6.446251594300008,24.3961704839,2.0574880114,6.4462526526,24.5509357833,-0.9940718604388954
Hf_mp-1009460_110,hollow_0,0.5143718244333327,4.561496361366675,24.3961704839,0.5143717632,4.6182053375,24.7091064927,-0.9371252330168676
Hf_mp-1009460_110,hollow_1,2.0574880816666687,7.388632273713389,24.3961704839,2.0574880543,6.8846799941,24.5418219894,-0.9923296178973028
Hf_mp-1009460_110,ontop_0,0.5143718764999999,6.4462515943,24.3961704839,0.514371921,6.4462498426,24.6816348759,-0.8611954322725165
Hf_mp-1009460_111,bridge_0,1.4851296512209993,1.5594201262233462,17.5830415516,0.1777228511,0.1199823075,16.8516473443,-1.293111087664117
Hf_mp-1009460_111,bridge_3,4.404659474394821,1.5594201262233462,17.5830415516,5.7338000861,0.1144353574,16.6313967802,-1.2929601120144087
Hf_mp-1009460_111,hollow_0,5.6030502604007,0.25658336418581984,17.5830415516,5.8511080844,-0.0131143665,16.6440825183,-1.292974759911419
Hf_mp-1009460_111,hollow_1,3.9812303760381558,4.135738101260866,17.5830415516,6.0029138005,5.4689427641,16.8479179512,-1.290555575291948
Hf_mp-1009460_111,hollow_2,3.81896371049482,2.196160732723346,17.5830415516,5.6893330326,0.1627628497,16.6516075347,-1.2930634255387148
Hf_mp-1009460_111,ontop_0,2.6475721826948178,3.4696419457233434,17.5830415516,5.5833175198,0.2780512359,16.6440974728,-1.2931919558630585
Hf_mp-1009460_111,ontop_1,5.4736053542948175,2.5426723888233433,17.5830415516,5.8955716806,0.2435080672,16.6410594695,-1.2927827766824815
Re_mp-8_100,bridge_1,0.6913340987000015,1.1183941578000005,24.630514145299998,0.6913338831,1.1183941947,24.3949403604,-1.2813516267335854
Re_mp-8_100,hollow_1,2.074002298500001,2.6095863637333356,24.630514145299998,2.074000545,1.2363921033,24.4919445292,-1.199113813930697
Re_mp-8_100,ontop_0,0.6913341133999998,3.3551824667,24.630514145299998,0.6913341061,3.3551823273,25.1546879716,-0.4399639045060917
Re_mp-8_100,ontop_1,2.0740022887,1.1183941578000003,24.630514145299998,2.0740021236,1.1183939902,24.4891911827,-1.1990934652468968
Re_mp-8_110,bridge_2,2.236788310150002,3.592302080589296,18.7531897628,2.2367828614,3.5923097442,18.4637089354,-1.7119908484143145
Re_mp-8_110,hollow_0,0.37279804613333317,4.619395981552397,18.7531897628,1.0425946633,4.2912619389,18.4351236746,-1.8900201322076948
Re_mp-8_110,ontop_0,1.1183941480999997,1.8838806732999995,18.7531897628,1.1183939092,-0.3435351825,18.4429348967,-1.8902422275733004
Re_mp-8_111,bridge_1,5.30568807558477,1.444881481032056,18.9735165329,4.348312272,3.5016308621,18.0627553319,-2.055495165860495
Re_mp-8_111,bridge_4,2.345584725961657,2.691857998032054,18.9735165329,-0.2898404377,3.6068207951,18.3169455612,-2.0557575776381296
Re_mp-8_111,hollow_1,4.92424958310453,0.7158274763910181,18.9735165329,6.5207874504,-0.8630502143,17.8407380005,-2.055828362656728
Re_mp-8_111,hollow_3,2.1517914468377195,-0.013226528250027118,18.9735165329,1.8917689815,-0.9152018294,18.0870028404,-2.055742291631876
Re_mp-8_111,ontop_1,6.558540307698215,3.9388345150320525,18.9735165329,4.4493622901,3.7012684245,18.0629037949,-2.0558211597986005
Re_mp-975065_100,bridge_2,2.1534935921227536,3.603616236451621,17.7588544577,2.1534859733,2.7586565258,17.2521186921,-1.47972099800694
Re_mp-975065_100,ontop_0,0.7691053881999999,0.16674877913336017,17.7588544577,0.7680454934,4.0169005004,17.2584270788,-1.475382688587011
Re_mp-975065_110,bridge_3,1.815527826908783,1.6892564645366317,18.7076417556,1.8122274082,-0.2644270928,17.8369268975,-1.9888678162209608
Re_mp-975065_110,hollow_0,1.8195308630020794,2.4469051851699635,18.7076417556,1.7980851177,-0.1963800348,17.8410741321,-1.988973010052921
Re_mp-975065_110,hollow_3,-0.02120487308767939,5.4514868238342675,18.7076417556,0.3552044922,6.1998668743,17.6368859463,-1.9890767317439104
Re_mp-975065_110,ontop_0,0.4327600412886701,1.6892564645366313,18.7076417556,0.3975829669,2.593847526,18.8462501837,-1.081231974670703
Re_mp-975065_110,ontop_1,1.82753693518867,3.9622026264366306,18.7076417556,1.807406381,-0.061631304,17.8362241744,-1.9891467113030687
Re_mp-975065_111,bridge_1,0.9604643597184429,2.655526750209572,23.004529694100004,0.7333421686,2.6994536032,23.2380141034,-0.5092841786438332
Re_mp-975065_111,hollow_1,1.419275189116053,0.18359569146464716,23.004529694100004,0.7947344741,-0.0318754122,21.6298224108,-1.3018005734157474
Re_mp-975065_111,ontop_0,2.3439222322547755,2.655526750209572,23.004529694100004,3.412801987,2.8372982105,23.2256635225,-0.5100408147469299
Pb_mp-20745_110,hollow_0,2.498912032599994,2.8075622861152065,20.6277751871,2.0108780503,2.4134613607,19.6703525623,-0.4721847109969523
Pb_mp-20745_110,ontop_0,1.4993466593999998,5.4162015717,20.6277751871,1.4970608293,2.5908032065,19.7161703872,-0.4693624820065027
Co_mp-54_110,bridge_0,2.0105728588000025,1.070433154700002,17.9831332169,2.0105691572,1.0704879323,18.0006013741,-1.0989751775685188
Co_mp-54_110,bridge_1,8.1880000097469e-07,3.211247870582721,17.9831332169,-1.04468e-05,3.2112588137,17.4615861009,-1.7539337602282523
Co_mp-54_110,bridge_2,1.0052868563,3.8589880553827194,17.9831332169,1.0052858943,3.72652024,17.4292707588,-1.8574017100215232
Co_mp-54_111,hollow_0,2.4354348554448535,2.6996930938338135,18.2147342867,1.3942155162,3.727356663,17.2118597533,-2.0379433230521973
Ta_mp-42_100,bridge_5,4.014999676199999,1.5947127716999983,18.294001830699997,3.9930380468,1.0039578143,18.0111885758,-1.837198048258582
Ta_mp-42_100,hollow_0,4.009548982366668,9.73998690740001,18.294001830699997,4.181688468,11.0681292531,17.9929137487,-1.8354137491363904
Ta_mp-42_100,hollow_1,1.350011563533334,4.2558377764333315,18.294001830699997,1.3343337604,3.9043809004,17.8778109277,-2.121382399434551
Ta_mp-42_100,ontop_0,1.3609129511999998,1.5947127716999998,18.294001830699997,1.4217028827,3.7581044088,17.8749123044,-2.1203331455363394
Ta_mp-42_100,ontop_1,4.0025422479,2.8639689673000004,18.294001830699997,4.116087123,1.018956145,17.9998334335,-1.836711526113301
Ta_mp-42_100,ontop_2,3.9986475947,5.5864002788,18.294001830699997,4.1719436901,1.1412801394,18.001232772,-1.835688146177718
Pb_mp-1186444_100,bridge_0,2.6432692078000026,4.310773461,16.536484678599997,2.6432593818,4.310855407,15.5643322703,-0.39539449802701
Pb_mp-1186444_100,bridge_3,3.5243638563500017,0.03273380755000113,16.536484678599997,2.9397258554,-0.4694502738,15.6974172257,-0.508191922572686
Pb_mp-1186444_100,hollow_0,0.8810874943666656,0.5225870289666664,16.536484678599997,0.8810916707,0.0755862122,16.0902771321,-0.2122065436887004
Pb_mp-1186444_100,hollow_1,2.643275516600006,9.078695118933338,16.536484678599997,2.6432722964,9.971452729,15.8090782129,-0.3140480395345845
Pb_mp-1186444_100,ontop_0,0.8810945223000003,10.0584159533,16.536484678599997,0.8810965261,10.0585331841,15.9697266072,-0.1113136617363403
Pb_mp-1186444_100,ontop_1,2.6432713652000017,7.1192534502,16.536484678599997,2.6432735604,7.1520741673,17.0414471238,0.2420128173474922
Pb_mp-1186444_110,hollow_0,2.2624167261815296,3.3527698676000015,20.7518280574,2.5647806907,4.1377020935,19.7322209764,-0.5058232463931295
Pb_mp-1186444_110,hollow_1,4.210141880451809,0.4789191416666689,20.7518280574,4.6359341293,1.2187188792,19.8218521814,-0.5062429223685239
Pb_mp-1186444_110,ontop_0,5.6827607058,4.3107384369,20.7518280574,8.5871331872,4.3107106422,19.752784077,-0.508415030197235
Pb_mp-1186444_110,ontop_1,1.5261075864999998,7.1845741981,20.7518280574,1.5261168817,7.1846080958,21.0558166865,0.216360229200603
LiB_mp-1001835_100,bridge_0,2.321353025,3.0072777786000002,17.427305258100002,2.3215446958,3.007277781,16.5656844294,-1.6696222713954916
LiB_mp-1001835_100,bridge_2,4.11817999968647e-05,1.0024258135000017,17.427305258100002,0.4027211909,1.0024180312,17.3269065534,-1.0163020735253865
LiB_mp-1001835_100,ontop_0,0.7741095585999997,1.0024257608999998,17.427305258100002,0.7738708707,1.0024256586,17.3588605808,-0.8990000847083373
LiB_mp-1001835_100,ontop_1,2.321353025,1.0024258660999998,17.427305258100002,2.3214980517,1.0024258773,17.4355250749,-0.8660570359596578
LiB_mp-1001835_110,bridge_1,0.7738525438999994,6.63679183330001,21.9844945566,0.7739142859,7.8280300923,21.7497514098,-0.7592970550729269
LiB_mp-1001835_110,bridge_4,2.3215011092999998,0.765574971498379,21.9844945566,2.3217778816,1.2552469141,21.8772478389,-0.7169115131071829
LiB_mp-1001835_110,hollow_0,0.7738472532999989,5.6847770085333345,21.9844945566,0.7737645828,7.8010481717,21.7617671473,-0.7581432182424339
LiB_mp-1001835_110,hollow_1,2.321504376300001,3.133621191966672,21.9844945566,2.321599005,2.6095643312,21.7410246622,-0.7591391051410632
LiB_mp-1001835_110,hollow_2,2.83743421953333,1.0547709118655895,21.9844945566,2.3319538405,2.3699587604,21.7722093131,-0.9750098624811304
LiB_mp-1001835_110,ontop_0,2.3214595647,1.8393688579,21.9844945566,2.3218276496,2.4068542307,21.7538300911,-0.7596320355705595
LiB_mp-1001835_110,ontop_1,2.3215426538999995,6.636791833300001,21.9844945566,2.3218182553,8.2405741708,21.8779002467,-0.7170471252008235
LiB_mp-1001835_111,bridge_10,3.8064256718461538,0.8367895152370829,17.1702558009,4.3566850048,2.5378317668,16.2338634891,-1.9432870137068807
LiB_mp-1001835_111,bridge_1,2.7184683926461513,2.7580301588870784,17.1702558009,4.2723447655,2.6812264738,16.2389057613,-1.9423155748901155
LiB_mp-1001835_111,hollow_0,1.7079019952628154,2.8825405616037454,17.1702558009,1.5427914581,1.3717603561,15.9194298561,-1.8747625641726813
LiB_mp-1001835_111,hollow_1,0.7477667822056167,1.6017134658370826,17.1702558009,1.5035787139,1.2710412195,15.9264017903,-1.8745705197171945
LiB_mp-1001835_111,hollow_6,3.3385427326160255,0.262316113683906,17.1702558009,4.3286302759,2.510548105,16.2328352292,-1.941854711735113
LiB_mp-1001835_111,ontop_1,4.291963765296152,0.31907197363707995,17.1702558009,4.3769938447,2.5053961644,16.229129404,-1.942781391880535
LiB_mp-1001835_111,ontop_3,2.1160492068961516,4.1615532609370804,17.1702558009,1.279648007,6.2049278814,15.6298716385,-1.873530061905365
LiB3_mp-1222413_100,bridge_0,0.4265954274000001,5.913250222000003,17.0109555955,1.0030002616,6.2311797942,16.4617951002,-1.9850297502946657
LiB3_mp-1222413_100,bridge_1,3.5323882070500003,5.2794434334500036,17.0109555955,3.1319034193,4.4118379526,15.5469760437,-2.5513423361365857
LiB3_mp-1222413_100,hollow_2,0.34508808746666514,3.69145404283333,17.0109555955,0.9940922776,3.3340157066,15.4679854589,-2.4580435436684054
LiB3_mp-1222413_100,hollow_4,0.6294850382333326,0.42834704986666666,17.0109555955,1.0007228651,0.3474777915,16.4640263602,-1.984913326319752
LiB3_mp-1222413_100,ontop_0,1.0352642515999997,5.48576615,17.0109555955,1.0352643076,6.2288218991,16.4625675314,-1.984778682952225
LiB3_mp-1222413_100,ontop_2,2.2526019095,0.38478294369999977,17.0109555955,1.1137149966,3.1175796824,15.4652810805,-2.456862953949553
LiB3_mp-1222413_110,bridge_2,3.0650591234999993,1.5762950354999985,17.407416469799998,3.0636679821,3.4565532052,16.2072119367,-3.511615010509966
LiB3_mp-1222413_110,bridge_9,0.9945477969,3.5380280646,17.407416469799998,0.9940002213,3.536955685,17.0997697112,-2.151357579698522
LiB3_mp-1222413_110,hollow_0,0.5792420710666669,6.999329192700005,17.407416469799998,0.9891937002,7.7063014406,15.8366098829,-2.5025698554529803
LiB3_mp-1222413_110,hollow_1,3.064875983199997,0.8262718025318843,17.407416469799998,3.0639216051,3.4099921172,16.2866945842,-3.645810557549226
LiB3_mp-1222413_110,ontop_0,0.9945561896999999,2.7009369533,17.407416469799998,0.9948938736,3.4851887932,17.092486786,-2.1503908647808005
LiB3_mp-1222413_110,ontop_1,3.890820868,5.4995625529,17.407416469799998,3.0893754335,3.6130854119,16.2153033751,-3.5110205148910065
LiB3_mp-1222413_111,bridge_9,0.11553023475832644,2.5350510015047094,16.9740034592,-1.5102795952,3.5279073698,16.3902628418,-4.034307033703088
LiB3_mp-1222413_111,hollow_11,4.5188342156250005,3.432376163371377,16.9740034592,6.1270452794,4.3021923708,15.6997102668,-4.50192045127262
LiB3_mp-1222413_111,ontop_0,-0.5076957417416705,3.3525177908047077,16.9740034592,-1.0531985832,4.3027704662,16.208313981,-4.501977602015099
LiB3_mp-1222413_111,ontop_6,5.1649917552583275,4.319083097604708,16.9740034592,6.1365983454,4.3228488156,15.7006973745,-4.502394050722731
LiMg2_mp-865939_100,bridge_0,2.590377213700001,2.5924751391767313,20.703131825100005,2.5903777697,2.5909528767,20.5866778181,-0.6311148015762561
LiMg2_mp-865939_100,bridge_1,0.8634597487000009,2.5924751391767313,20.703131825100005,0.8634698616,2.5877636219,21.125852917,-0.2164691346652682
LiMg2_mp-865939_100,ontop_0,0.8634597486999996,0.8600209838720987,20.703131825100005,0.8634623305,0.8667550985,21.5730326191,0.0592665788625133
LiMg2_mp-865939_110,bridge_1,3.5721706669783915,1.5734500709770065,17.422157468800002,3.5679612362,1.6216154652,17.5813514395,-0.0835304318515414
LiMg2_mp-865939_110,bridge_5,1.8704091125491786,3.9908535966770127,17.422157468800002,1.8562770511,4.516123104,16.9334742941,-0.6292251562432792
LiMg2_mp-865939_110,hollow_0,3.5820078479068562,2.37925124621034,17.422157468800002,3.5893941612,3.7342065992,17.337654739,-0.3521695646433824
LiMg2_mp-865939_110,hollow_1,3.0101751052714305,0.5689028935422342,17.422157468800002,3.5280207143,-0.576903648,16.8553017708,-0.6303104040191543
LiMg2_mp-865939_110,hollow_3,2.432404674256149,4.995400774111785,17.422157468800002,1.9341772399,4.7181258562,16.8945819628,-0.6293873974140997
LiMg2_mp-865939_110,ontop_0,3.6016822097637866,3.9908535966770065,17.422157468800002,3.6320827747,4.0198439761,17.314700305,-0.3543903672709604
LiMg2_mp-865939_110,ontop_1,1.8408975697637862,1.5734500709770065,17.422157468800002,1.8553820076,4.2023157154,16.9005030097,-0.6305338858057772
LiMg2_mp-865939_111,bridge_0,2.4319008591964213,2.443978320223186,18.5446420189,3.5769252909,1.7352712823,17.731448509,-0.8497689572381769
LiMg2_mp-865939_111,bridge_2,3.6547313701066773,0.47202417472318703,18.5446420189,3.6527068145,1.4163363509,17.759091127,-0.8540619256628506
LiMg2_mp-865939_111,hollow_0,1.2089121095395852,3.1012963687231863,18.5446420189,1.2046621922,2.1757020763,17.4292531285,-0.9347036782850822
LiMg2_mp-865939_111,hollow_1,3.6548896088532596,1.7866602717231879,18.5446420189,3.6487174313,1.591893263,17.7359900396,-0.8526851594381188
LiMg2_mp-865939_111,ontop_0,3.6552060863464217,4.415932465723186,18.5446420189,3.6418047221,2.0236644363,17.651338731,-0.8441176964065213
LiMg2_mp-865939_111,ontop_1,1.2085956320464222,0.4720241747231835,18.5446420189,1.2057773524,-3.2381407554,17.2218618439,-0.9341346647806912
LiMg_mp-1094673_100,bridge_2,2.5336043308000025,0.8881537280000008,20.6272927485,2.5336800083,0.8881541618,20.7587186371,0.0175795290448301
LiMg_mp-1094673_100,ontop_0,0.8445118307999999,0.8881537279999998,20.6272927485,0.8444635089,0.8881554809,21.2451198855,0.1739157446208409
LiMg_mp-1094673_110,bridge_1,0.8881474060999991,1.194369729700003,24.191035455699996,0.8881441738,1.1943795435,24.1788768595,-0.2765296510222204
LiMg_mp-1094673_110,bridge_2,2.664442043199994,3.5830918667000002,24.191035455699996,2.66444506,3.5830984062,24.1123697765,-0.2452991095549607
LiMg_mp-1094673_110,hollow_0,0.8881439518,1.990610442033334,24.191035455699996,0.8881474346,1.4291500565,24.1669953638,-0.2731642498341987
LiMg_mp-1094673_110,hollow_1,2.6644454974999983,4.379342835435119,24.191035455699996,2.6644467988,3.8232213784,24.1058316435,-0.2428125699184231
LiMg_mp-1094673_110,ontop_0,2.6644524061,1.1943697297000002,24.191035455699996,2.6644530938,1.1943687911,24.3772618937,-0.138722144381513
LiMg_mp-1094673_110,ontop_1,0.8881370431999999,3.5830918667000002,24.191035455699996,0.8881383589,3.5830963958,24.1774839533,-0.2741336790885941
LiMg_mp-1094673_111,bridge_0,0.5453507570444645,0.050243975329109576,17.102913190400002,1.5875393276,-0.5424794234,15.9715682388,-0.4685605212306417
LiMg_mp-1094673_111,bridge_1,4.121367266094255,2.190519143312192,17.102913190400002,4.1804268156,3.344366371,16.1388195455,-0.4679302385389352
LiMg_mp-1094673_111,hollow_0,4.122519230302972,0.7636690313234693,17.102913190400002,4.17131517,0.7214246559,16.3011333162,-0.6802799495644527
LiMg_mp-1094673_111,hollow_1,4.120215301885538,3.617369255300912,17.102913190400002,4.1788943526,3.6154615181,16.1518705263,-0.4700408336360811
LiMg_mp-1094673_111,ontop_0,1.736204295852344,2.19051914331219,17.102913190400002,1.7951052218,2.083731934,16.0294426735,-0.4689369460511139
Li2Al_mp-1210753_100,bridge_1,8.33149998692859e-07,4.8332390191500005,23.5409919397,-1.09e-06,4.8332346846,23.6125009925,-0.161174420183794
Li2Al_mp-1210753_100,bridge_5,1.1077246460000014,2.2362698539500037,23.5409919397,1.1077211317,-0.3884198901,23.3862734146,-0.7723887643806807
Li2Al_mp-1210753_100,hollow_0,0.3692422720000005,5.731052157666668,23.5409919397,0.390694698,5.7153591898,23.5932395929,-0.1698670638173263
Li2Al_mp-1210753_100,hollow_1,0.3692418187666682,2.2041136275333395,23.5409919397,1.099217439,-0.4157720904,23.3922293136,-0.7734656405694024
Li2Al_mp-1210753_100,ontop_0,1.1077242702000007,0.6992597198999999,23.5409919397,1.1077240606,-0.440720907,23.3810032745,-0.7737237447801755
Li2Al_mp-1210753_100,ontop_2,3.3231732243,2.1398011747,23.5409919397,3.3231733408,0.6473211579,23.3526548446,-0.7709857377938255
Li2Al_mp-1210753_110,bridge_0,3.3231733530999965,2.441485956576123,19.435390640999998,3.3203820584,2.9529873464,18.052883549,-2.2615519222635574
Li2Al_mp-1210753_110,bridge_3,1.107726634199999,0.42077137567612244,19.435390640999998,1.1077181431,0.8041889034,18.8946040062,-1.579566964879928
Li2Al_mp-1210753_110,hollow_0,3.3231739567999914,3.549416845776188,19.435390640999998,3.322442469,3.0272158091,18.0526146249,-2.261006990848709
Li2Al_mp-1210753_110,hollow_1,1.1077260304999985,4.657347734976253,19.435390640999998,1.1077244361,4.7205006148,18.511599892,-1.0628401853379092
Li2Al_mp-1210753_110,ontop_0,1.1077248230999999,2.4414859565761233,19.435390640999998,1.1078861153,2.2446104177,18.9184812918,-1.8032867008869264
Li2Al_mp-1210753_110,ontop_1,3.3231751642,0.42077137567612344,19.435390640999998,3.3231496782,-1.5626798197,17.7779983666,-2.481690669323946
Li2Al_mp-1210753_111,bridge_1,0.9889411478895563,3.3714905551309635,17.797074692400003,0.4397941184,4.2449035257,16.560817173,-0.9015990808972438
Li2Al_mp-1210753_111,bridge_4,1.972997057740299,0.3473582504542272,17.797074692400003,1.780258068,-0.3431357687,16.8398959598,-0.8108343772653518
Li2Al_mp-1210753_111,hollow_1,0.998732353079209,0.8533157624131384,17.797074692400003,2.2683859887,-1.5508028982,16.9731503822,-0.9015948304765022
Li2Al_mp-1210753_111,hollow_3,0.9791499426998925,5.889665347848791,17.797074692400003,0.4393255808,4.4454413224,16.5329821161,-0.9024090363816364
Li2Al_mp-1210753_111,ontop_0,4.399321242822076,1.8652307863309627,17.797074692400003,3.5274721606,2.3193252541,16.9257141523,-0.450657701706417
Li2Al_mp-1210753_111,ontop_1,2.9276793520220754,4.877750323930963,17.797074692400003,0.5668998142,4.3339732512,16.5610683037,-0.9011473566910352
LiAl3_mp-10890_100,bridge_0,1.997916287249999,7.139000007639714e-07,22.322092704699998,2.0962059108,-0.098288358,22.3612888044,-0.1696350077198358
LiAl3_mp-10890_100,bridge_2,2.996874330399999,0.9989576525000002,22.322092704699998,2.9968756938,0.9989580645,22.0047764678,-0.3536432946106655
LiAl3_mp-10890_100,hollow_0,1.6649302728666668,2.996879234366665,22.322092704699998,1.0866808917,2.9968784512,22.0087749676,-0.3522330433971409
LiAl3_mp-10890_100,hollow_1,3.6628479682999995,0.9989591934333327,22.322092704699998,3.099751576,0.9989584785,22.0093273053,-0.3516662761944651
LiAl3_mp-10890_100,ontop_0,2.9968743304,2.996876152500002,22.322092704699998,2.9968744938,2.9968767578,22.5432999478,-0.1733902693567171
LiAl3_mp-10890_100,ontop_1,0.9989582440999999,0.9989622752999998,22.322092704699998,0.9989553691,0.998965193,22.2353531812,-0.0110298471068639
LiAl3_mp-10890_110,bridge_1,0.9989593926500039,4.944596338066109,19.1748909571,0.9989762926,3.70906008,19.4822133503,0.0713601209562258
LiAl3_mp-10890_110,bridge_3,2.996876997100004,3.531854722499997,19.1748909571,2.9968790411,3.5318537246,18.4635184675,-0.6545314031350444
LiAl3_mp-10890_110,ontop_0,0.9989584970999998,3.5318547224999994,19.1748909571,0.9989566548,3.5318534534,19.439847939,0.0705455014377776
LiAl3_mp-10890_110,ontop_1,0.9989602881999999,0.7063710751999996,19.1748909571,0.9989636331,0.7063711763,19.0877032318,0.3101104642370029
LiAl3_mp-10890_111,bridge_0,4.2424520723080565,4.891439537183381,23.7034731386,4.1357337765,5.4933065746,23.5629055473,-0.2479546142970599
LiAl3_mp-10890_111,bridge_1,2.1191118948838894,3.6655286364500075,23.7034731386,2.1191120091,4.3846514527,23.631588939,-0.390314756868781
LiAl3_mp-10890_111,hollow_0,7.7700787932161095,4.486056642522255,23.7034731386,7.7700816942,4.4860577849,23.6147300027,-0.3914374774637479
LiAl3_mp-10890_111,hollow_1,2.119112004189257,2.8515090131666736,23.7034731386,2.1191123763,2.9491501611,23.6443816546,-0.2523056681768226
LiAl3_mp-10890_111,hollow_2,3.5346720330666606,2.0407433279000036,23.7034731386,3.6172911566,2.0884456043,23.6871342498,-0.2163631979642987
LiAl3_mp-10890_111,hollow_3,4.944595354,2.854763018300003,23.7034731386,4.9445931391,2.8547608615,23.585637314,-0.4275656260246129
LiAl3_mp-10890_111,ontop_0,6.348882185599999,3.6655288378,23.7034731386,6.3532186282,3.6680337161,23.7643822645,-0.1466592947871697
LiAl3_mp-10890_111,ontop_1,2.1191122228000006,1.2234697666000003,23.7034731386,2.1191099381,1.2234711494,23.5576492424,-0.2173497853671028
LiSi_mp-795_100,bridge_10,6.399682025943088,5.29935970270893,17.4241251143,6.2628733144,4.8059366243,15.6091001282,-1.297563921703373
LiSi_mp-795_100,hollow_0,5.986433043848848,2.5925435354251913,17.4241251143,6.2495001387,4.6771597474,15.6265890796,-1.2923287122943257
LiSi_mp-795_100,hollow_4,2.3204116529578442,4.540995339892267,17.4241251143,0.2281587558,4.2803716757,16.3087760139,-1.7994116737153212
LiSi_mp-795_100,ontop_1,1.329838297024513,3.0242666142589285,17.4241251143,-0.8149456277,4.7109068765,15.9355958422,-1.2896711843842998
LiSi_mp-795_100,ontop_3,5.195320732360373,0.2900085475577177,17.4241251143,9.6541018912,0.2004113702,15.514146827,-2.088310738724904
LiSi_mp-795_110,bridge_11,5.208264577952132,5.41980117388489,17.979315391100002,3.9201571833,6.5219967976,16.0311832348,-1.5347714153401466
LiSi_mp-795_110,bridge_4,1.1567386570409164,3.3353281545518194,17.979315391100002,1.0396983131,2.3536422651,16.1998267343,-1.2897721468419046
LiSi_mp-795_110,hollow_3,1.8090402912839456,6.2913081909459105,17.979315391100002,3.3472040373,6.2946541993,15.8222532684,-1.5404641395418015
LiSi_mp-795_110,ontop_0,3.3092465708640626,0.9544186428018147,17.979315391100002,5.6587225018,-0.1592882426,15.7864602079,-2.0853364320231
LiSi_mp-795_110,ontop_1,-0.027400874306108172,6.789431145667952,17.979315391100002,4.4292484076,6.8805268597,16.082551218,-2.085936603940086
LiSi_mp-795_111,bridge_0,5.688997118465776,6.798491331621768,18.6596377673,6.2839578424,6.1276434049,16.9439614142,-1.8280258118609591
LiSi_mp-795_111,bridge_4,5.843452323120316,1.272358773027942,18.6596377673,8.0471157314,1.7422937115,17.5705055082,-1.6309130712035087
LiSi_mp-795_111,hollow_1,6.810354792352488,6.770282128164463,18.6596377673,6.3900735917,6.1509484112,16.9954098307,-1.827052774374722
LiSi_mp-795_111,hollow_2,1.9924116916596544,2.3452651881352455,18.6596377673,1.0369534963,1.7850808541,17.2674036645,-1.6308782474137251
LiSi_mp-795_111,ontop_1,1.4597086779821091,4.491078018349853,18.6596377673,-0.7108553704,6.060001469,16.6804194352,-1.8282022247281384
LiSi_mp-795_111,ontop_3,3.766461614982109,2.910099545249853,18.6596377673,4.2357904372,5.401925181,17.1712165647,-1.8070796761638337
Li2Si_mp-27705_100,bridge_2,3.2564538220220016,9.019052912150002,18.2261864432,3.256453884,9.1774405919,18.1613195667,-0.4542478010295339
Li2Si_mp-27705_110,bridge_10,-0.7114104493838342,1.7403231653500122,22.7641588573,-0.7114113344,1.7403230216,23.216920464,0.3762460861913102
Li2Si_mp-27705_110,bridge_2,-0.3043902809338431,3.3868324646500003,22.7641588573,-1.8188696228,5.2575921238,22.8488963065,-0.5490026972812432
Li2Si_mp-27705_110,hollow_0,2.910283849525435,6.3490700789825825,22.7641588573,4.224948283,5.1911245712,22.8320426253,-0.5511523176075204
Li2Si_mp-27705_110,hollow_2,0.434710459766665,5.315628952133334,22.7641588573,1.1271698207,5.2895838368,22.535311316,-0.5462059912235777
Li2Si_mp-27705_110,ontop_2,0.2710278975999999,0.5824763047999998,22.7641588573,0.7215846243,-1.5459864376,22.8588210091,-0.5521447228078359
Li15Si4_mp-569849_110,bridge_1,0.20655322114212693,5.218110508100001,17.7924739741,-0.5614486978,4.2936772328,16.1170822742,-1.8544016450074112
Li15Si4_mp-569849_110,hollow_0,-0.687883948405248,6.056146560466667,17.7924739741,-0.5634321355,4.342711071,16.1241179837,-1.8536818939528643
Li15Si4_mp-569849_110,ontop_1,3.469755194900004,5.178068991900001,17.7924739741,4.1912383217,3.8028684514,16.4681741544,-1.254257067040552
LiZn_mp-1934_100,bridge_1,1.0719124375105094,3.2157276428,19.926539086500004,1.0719060095,3.2157164774,19.444577753,-0.3683108691539226
LiZn_mp-1934_100,bridge_4,3.2157303969895046,1.071909704500005,19.926539086500004,3.2157330889,1.071909684,19.6213003955,-0.3168982091880323
LiZn_mp-1934_100,hollow_1,2.5011258743333333,1.0719067627070065,19.926539086500004,2.8636943075,1.0719116377,19.5593259715,-0.3142303164567741
LiZn_mp-1934_100,hollow_3,3.2157318608263377,0.3573007832736752,19.926539086500004,3.2157272787,1.0022390322,19.5773308074,-0.3179865468188022
LiZn_mp-1934_100,ontop_0,1.0719080460000006,1.0719097044999997,19.926539086500004,1.071906485,1.0719098809,19.961069292,-0.20920104863852
LiZn_mp-1934_100,ontop_1,3.2157347885,3.2157276428,19.926539086500004,3.2157488142,3.2157242302,19.9265425081,0.1361943509019031
LiZn_mp-1934_110,bridge_2,1.4731960511302942e-05,5.965419856687904,22.8639301137,-0.9245436686,5.03990756,22.7447803818,-0.7168621815586999
LiZn_mp-1934_110,bridge_3,1.0719303770000002,0.7631391891120872,22.8639301137,1.0719138459,-1.8833836974,22.7194337644,-0.7183098280393758
LiZn_mp-1934_110,hollow_0,3.9303595170263335,5.27121511999194,22.8639301137,3.3424263397,5.0000638809,22.7250324215,-0.7172272701094775
LiZn_mp-1934_110,hollow_1,0.35731772250700816,0.726939062041387,22.8639301137,0.9689172834,-1.9235915532,22.7166923394,-0.7187604651498954
LiZn_mp-1934_110,ontop_0,3.2157596832,3.8828056466,22.8639301137,3.2157410796,4.9788881896,22.7264259889,-0.7187360755726193
LiZn_mp-1934_110,ontop_1,3.2157371155,0.6545388078999999,22.8639301137,3.2157378241,-0.9053862047,22.7280244765,-0.7204969688041913
LiZn_mp-1934_111,bridge_0,0.7146202825052522,1.237726538942225,16.493816095599996,-0.1828103132,1.7558722107,15.7864671498,-0.3838685816543367
LiZn_mp-1934_111,hollow_0,-0.3572908929894907,1.8565947446614839,16.493816095599996,-0.3572972278,1.8566116075,15.7975850945,-0.3848160662758758
LiZn_mp-1934_111,hollow_1,1.786531458000007,0.6188583332229622,16.493816095599996,1.7864852873,0.6188422853,16.4435969329,-0.0577553964846174
LiZn_mp-1934_111,ontop_0,1.7865314579999998,3.0943311561,16.493816095599996,1.786539969,3.0943269833,16.906242439,0.3062653138215755
LiZn3_mp-975799_100,bridge_1,3.2526198465500014,4.739915932649999,24.398397364,3.25260685,5.992580135,23.9667366292,-0.898986066754685
LiZn3_mp-975799_100,bridge_3,1.0842046249000057,0.6771233528999987,24.398397364,1.0842027572,0.6770908934,24.4358837769,-0.3043274662132123
LiZn3_mp-975799_100,hollow_0,3.9754243839333334,4.7361985967999995,24.398397364,3.239469966,6.0043443093,23.9765293246,-0.898342070877418
LiZn3_mp-975799_100,hollow_2,1.8070094017666682,3.385653932599999,24.398397364,3.1245329341,3.3857828332,24.0660150604,-0.8284626460074758
LiZn3_mp-975799_100,ontop_0,1.0842054110999997,2.0425435057,24.398397364,1.0845819455,3.3414571941,24.0804194854,-0.42515959539322
LiZn3_mp-975799_100,ontop_1,3.2526189555,3.385654367,24.398397364,3.2525987473,3.3856520249,24.0802321176,-0.8306787152132031
LiZn3_mp-975799_100,ontop_2,3.2526207376,0.6771167732999999,24.398397364,3.2526201439,0.6770815378,23.9861143691,-0.900024414317847
LiZn3_mp-975799_110,bridge_0,1.0842060513000003,8.955081328100006,18.9990390788,1.0842110272,10.1398905228,18.0444208084,-0.949674034079633
LiZn3_mp-975799_110,bridge_4,2.1684158243000002,5.864065158450003,18.9990390788,2.1684111942,5.8640886529,18.1568270548,-0.1031241446390724
LiZn3_mp-975799_110,hollow_0,1.0842065845666662,0.6392992240094093,18.9990390788,1.0842044118,0.8108851052,18.0481170171,-0.9514307081812317
LiZn3_mp-975799_110,hollow_1,3.2526227349666654,6.351179405100001,18.9990390788,3.2526231786,6.7576145597,18.2791766204,-0.2706329705769573
LiZn3_mp-975799_111,hollow_2,2.4955331578182998,1.5287452241380213,17.911051513799997,2.746721964,1.5342735683,17.0888875197,-1.0819576428420834
LiGa_mp-1307_100,bridge_1,3.2677956405000064,2.9047075006182017,20.175451883299996,3.2678385971,2.9046900951,19.7208553116,-0.5967942029127198
LiGa_mp-1307_100,bridge_2,1.0892646761999996,0.726162382481802,20.175451883299996,1.0892575253,0.7261079476,19.601053267,-0.5000735496831725
LiGa_mp-1307_100,hollow_0,3.99397507294547,2.9047040048454726,20.175451883299996,3.3400913907,2.9046961475,19.7003902689,-0.5966563581219536
LiGa_mp-1307_100,hollow_1,0.36308524375453366,0.7261658782545347,20.175451883299996,1.0045659916,0.7261611568,19.5994856883,-0.4992751032606615
LiGa_mp-1307_100,ontop_0,3.2677956405,0.7261728697999998,20.175451883299996,3.2677922573,0.7261750144,20.1321384041,0.0898939007372815
LiGa_mp-1307_100,ontop_1,1.0892646761999998,2.9046970133,20.175451883299996,1.0892589153,2.9047133079,20.3515016749,-0.2993088704338265
LiGa_mp-1307_110,bridge_0,2.1785362924000005,4.621369682500002,23.3305012057,2.1785464228,4.6213728678,23.1283017278,-0.5737750483419322
LiGa_mp-1307_110,bridge_1,1.0892604909999977,3.888847263000001,23.3305012057,1.0892641254,3.8697550372,22.9486771932,-0.8192375800421119
LiGa_mp-1307_110,hollow_0,1.8154456507666648,3.888667279666668,23.3305012057,1.1344922835,3.8640733996,22.9366613809,-0.818293760795441
LiGa_mp-1307_110,hollow_1,1.8154425772999983,0.7578372554316278,23.3305012057,1.708665336,0.6211565012,23.1844475914,-0.3496511060319071
LiGa_mp-1307_110,ontop_0,1.0892643675000002,2.423262474,23.3305012057,1.0892717492,3.8282739488,22.9452631077,-0.8183240851794031
LiGa_mp-1307_110,ontop_1,1.0892566145000002,5.354432052,23.3305012057,1.0892670264,3.9434682615,22.9401829538,-0.8177176233439105
LiGa_mp-1307_111,bridge_0,0.7261727863908993,1.257771628687283,16.4974681789,-0.2085290963,1.7974277399,15.7497547667,-0.3018006455443506
LiGa_mp-1307_111,hollow_0,-0.36309452901819683,1.8866604064581884,16.4974681789,-0.3631112113,1.8866579233,15.7429440819,-0.3011585653505756
LiGa_mp-1307_111,hollow_1,1.8154401018000001,0.6288828509163815,16.4974681789,1.8154360312,0.6288587054,16.4997842991,0.1224268301486568
LiGa_mp-1307_111,ontop_0,1.8154401017999997,3.144437962,16.4974681789,1.8154963825,3.1444416649,17.336012994,0.0451026601212823
Li2Ga_mp-29210_100,bridge_1,1.0775002280499992,3.8663750336500025,23.3716308762,1.0775053233,4.6781140406,23.2791459092,-0.3732756380617534
Li2Ga_mp-29210_100,bridge_4,1.0775017614999995,7.169918846299998,23.3716308762,1.0775458277,9.7964495138,23.1322452794,-0.8611669038343357
Li2Ga_mp-29210_100,hollow_0,0.35916536023333406,3.7925237440000017,23.3716308762,0.3395095595,3.9109277178,23.4208843468,-0.3055996984831897
Li2Ga_mp-29210_110,bridge_2,1.0774390763000008,2.3994482015802476,19.5437428465,1.0767374249,3.4959365335,17.5557629525,-2.233090061832573
Li2Ga_mp-29210_110,bridge_3,3.2324509182999903,0.43964192578025174,19.5437428465,3.2320516261,0.7348670668,18.8156631035,-1.361414030960561
Li2Ga_mp-29210_110,hollow_0,1.0774398086333312,3.4724449791050143,19.5437428465,1.0774624055,3.9320021431,18.2806730587,-1.345773214844051
Li2Ga_mp-29210_110,hollow_1,3.2324501859666657,4.545441756629778,19.5437428465,3.2321900712,5.8420534157,18.7236564104,-1.3583286963029275
Li2Ga_mp-29210_110,ontop_0,3.2324487213,2.399448201580252,19.5437428465,3.2335768242,0.8624753957,18.801735571,-1.3605658366558375
Li2Ga_mp-29210_110,ontop_1,1.077441273299999,0.4396419257802522,19.5437428465,1.0780650725,-1.4355166437,17.6985636638,-2.232907929129897
Li2Ga_mp-29210_111,bridge_1,2.791191738579578,2.946266921490892,18.7618280202,0.2256504745,1.5311092741,17.2463225422,-0.9915497133203224
Li2Ga_mp-29210_111,bridge_5,5.017196180997764,1.4996064582408892,18.7618280202,5.2335986454,1.3623773822,17.4154907955,-0.986199958883614
Li2Ga_mp-29210_111,hollow_0,5.278246229983666,5.394794899343627,18.7618280202,7.0803087516,7.1602793157,17.8763438987,-0.9933254530921892
Li2Ga_mp-29210_111,ontop_0,3.153061073979577,4.39292738474089,18.7618280202,3.1288805556,4.6797584406,17.3407448422,-0.9722451148523498
Li2Ga_mp-29210_111,ontop_1,2.429322403179577,1.49960645824089,18.7618280202,5.0098903597,1.3427471897,17.4053639643,-0.9761584175793648
Li2Ca_mp-11644_100,bridge_2,0.6906255002822682,4.4890233434677365,17.184781023199996,0.6906329143,4.4890360594,17.1813823218,0.3562295694698896
Li2Ca_mp-11644_100,bridge_3,3.7984121403500004,1.3812367033999988,17.184781023199996,3.7984290708,1.381248288,17.3663801951,0.5088388545583223
Li2Ca_mp-11644_100,ontop_0,2.2032675476000003,1.3812259800999998,17.184781023199996,1.3538239269,1.3812807288,17.1797349842,0.3365030786534349
Li2Ca_mp-11644_110,bridge_0,2.848788019350009,8.634308366645708,19.4073685762,5.0222024665,8.1591694009,18.8962435877,-0.2861607559761118
Li2Ca_mp-11644_110,bridge_2,4.40269446990001,7.480893482245708,19.4073685762,5.1016912233,8.0063656078,18.9128819146,-0.2896282366493414
Li2Ca_mp-11644_110,hollow_0,5.1796484112451635,8.40564791932761,19.4073685762,5.1796576747,8.1023388993,18.938216993,-0.2888180022483418
Li2Ca_mp-11644_110,hollow_1,5.179648411245161,2.5455492322000013,19.4073685762,5.1796754295,-0.5001966883,18.9017248722,-0.2881514971014526
Li2Ca_mp-11644_110,ontop_0,0.5179830137999999,1.4650087628,19.4073685762,0.517987081,1.4650124562,19.5288699214,0.2039964738231789
Li2Ca_mp-11644_110,ontop_1,2.071829219100002,7.0134772932,19.4073685762,2.0718100369,6.9775069391,20.1115945045,0.5825636693049985
Li2Ca_mp-11644_111,bridge_0,4.426507769385083,4.660929662534926,21.0346637346,4.4548599385,6.2066241464,20.6645300036,-0.1232603166905601
Li2Ca_mp-11644_111,bridge_3,7.525246976455959,4.660929662534926,21.0346637346,7.5281307127,4.6625910997,20.9966713927,-0.1294041351546792
Li2Ca_mp-11644_111,ontop_0,1.363408159955989,1.0895465384623308,21.0346637346,1.383397055,1.1012276596,20.255897427,-0.127149012149081
Li2Ca_mp-11644_111,ontop_1,4.408989453655989,2.8547174231623313,21.0346637346,4.3609708772,2.8268038179,21.6750792213,0.80686057815354
LiCu3_mp-862658_100,bridge_0,3.5790827566750467,7.168308032912219,21.250098137,4.1669384328,5.6272076182,20.8897829867,-0.8641982905315833
LiCu3_mp-862658_100,bridge_1,2.6843074379250433,0.9036540281000052,21.250098137,2.6843113724,0.9036515533,20.8598736286,-0.4571995603650758
LiCu3_mp-862658_100,hollow_0,2.684310197550033,0.2605724211585459,21.250098137,2.6843165228,-2.5704493395,20.7549857211,-1.091087951912664
LiCu3_mp-862658_100,hollow_1,0.8947705985499814,6.846767229441477,21.250098137,0.8947696041,5.8036263347,20.8373989513,-0.8719532742222204
LiCu3_mp-862658_100,hollow_2,2.0877959494999967,4.518298836633346,21.250098137,2.6204321707,4.5182893809,20.7495209134,-1.089798926123491
LiCu3_mp-862658_100,ontop_0,0.8947665985000005,4.518299905200002,21.250098137,0.8947662342,4.5182985415,20.9933741935,-0.8113335867231865
LiCu3_mp-862658_100,ontop_1,2.6843055332,2.8329109822,21.250098137,2.6843113116,4.437866651,20.7507300862,-1.0903256612748624
LiCu3_mp-862658_100,ontop_2,0.8947650793000004,0.9036540281,21.250098137,0.8947653204,0.9036485259,21.0332470077,-0.2727100330594835
LiCu3_mp-862658_110,bridge_1,3.6577974591065536,2.073160305050003,18.282651329300002,5.014357663,1.1233436799,17.7726735515,-1.3843602535371249
LiCu3_mp-862658_110,bridge_3,2.1772915615565527,3.109740218600001,18.282651329300002,2.1772956596,3.1097422217,17.8032286655,-1.2914014076483096
LiCu3_mp-862658_110,ontop_0,-0.028979788400000827,3.1097402186000003,18.282651329300002,-0.0289794293,3.1097404534,18.4054530314,-0.6129378979454553
LiCu3_mp-1185338_100,bridge_0,2.080782328400002,1.2877416053500004,23.5750927146,3.1154995183,3.0223042666,23.2407450885,-1.1701804139576348
LiCu3_mp-1185338_100,bridge_3,1.0403915461500002,3.167616685050002,23.5750927146,1.0403407224,3.1676140229,23.3840613171,-0.7638631579267697
LiCu3_mp-1185338_100,hollow_1,0.3467978581333348,3.167616616366669,23.5750927146,-0.9217270009,3.1676140702,23.2401474604,-1.1692923046125214
LiCu3_mp-1185338_100,hollow_2,3.8147668330000024,4.420865924133335,23.5750927146,3.1058179065,3.358812772,23.2361594485,-1.1685850177361596
LiCu3_mp-1185338_100,ontop_0,3.1211732421,3.167616479,23.5750927146,3.1211729468,3.1676143274,23.2438713308,-1.171784569521519
LiCu3_mp-1185338_100,ontop_1,1.0403916260999997,1.9419594486999998,23.5750927146,1.0400521098,3.1333559913,23.3965423997,-0.7640577874673073
LiCu3_mp-1185338_110,bridge_0,4.161562052650003,1.0973138614960765,18.5903193274,4.1614890916,1.0971885241,17.6256071758,-0.924663784629765
LiCu3_mp-1185338_110,bridge_1,4.1615605863500065,3.3191740251500033,18.5903193274,5.0354506579,0.8446333124,17.6385021745,-0.9701483145733276
LiCu3_mp-1185338_110,hollow_0,3.1211716541333345,5.9484095700666675,18.5903193274,3.1211734013,6.3317057353,17.8357569775,-0.2137643772868339
LiCu3_mp-1185338_110,hollow_1,1.0403904742333316,0.6171889216947658,18.5903193274,1.0403891488,0.7150048679,17.6315046181,-0.9726952335828288
LiCu3_mp-1185338_110,ontop_0,1.0403885078999997,2.5376886809,18.5903193274,1.0403908934,0.8422024417,17.6220280129,-0.9734685951773404
LiCu3_mp-1185338_110,ontop_1,3.1211699048,4.1006593694,18.5903193274,3.1211759226,1.5553699518,17.6240384602,-0.9734444192116262
LiCu3_mp-1185338_111,bridge_0,-0.4144000101610263,4.291488560972813,17.80570641,-0.7269342865,4.6938452389,17.7015291415,-0.6905373235276868
LiCu3_mp-1185338_111,hollow_0,-0.12325495588145469,3.3948488593728134,17.80570641,-0.8645979884,4.7299545568,16.5326787304,-1.3582404565360349
LiCu3_mp-1185338_111,ontop_0,1.0547123041776973,5.786231173772813,17.80570641,1.5118709827,3.848564108,16.7073392399,-1.09859769830662
Li3Cu_mp-975882_100,bridge_1,4.046728072992779,0.09817905853923298,22.3141233902,5.0156184837,0.7467066651,21.8613935197,-0.5484928331973343
Li3Cu_mp-975882_100,bridge_2,4.0467252556427775,5.486486928550003,22.3141233902,5.0366886437,7.8614579851,21.9031886439,-0.543499020199818
Li3Cu_mp-975882_100,bridge_3,3.03504128785001,4.490242583200003,22.3141233902,3.0350376548,4.4902586893,22.4121599197,-0.0940658110840778
Li3Cu_mp-975882_100,hollow_1,3.709497181361852,4.490242824466669,22.3141233902,3.6624003005,4.4902451665,22.4210421502,-0.0868955582045454
Li3Cu_mp-975882_100,hollow_2,0.337199420338156,6.351804005640509,22.3141233902,1.0013874894,7.8869775449,21.867849601,-0.545845939501955
Li3Cu_mp-975882_100,ontop_1,1.0116533505999998,4.490243307,22.3141233902,1.0116581316,4.4902490473,22.3857396243,-0.1392181496984002
Li3Cu_mp-975882_100,ontop_2,3.0350410328,2.4977546163,22.3141233902,3.0350443982,1.3036063383,21.9150545957,-0.3457525260355545
Li3Ge_mp-867342_100,bridge_0,2.1788286724500012,2.178826136800002,19.6767836776,1.1558046318,1.1558068627,19.4183546653,-0.0270247719726177
Li3Ge_mp-867342_100,bridge_1,3.2682281946000016,3.268240240200002,19.6767836776,3.2682378963,3.268224687,19.7904562518,0.0888278941411832
Li3Ge_mp-867342_100,ontop_0,1.0894094645999999,3.2682402402,19.6767836776,1.0894084924,3.2682458967,20.1205564561,0.2390137890895946
Li3Ge_mp-867342_110,bridge_2,2.1788144554499977,4.549000886899994,22.9961413575,1.2175722448,3.8195751674,22.8010113568,-0.888294200200715
Li3Ge_mp-867342_110,bridge_3,3.268218636249998,5.39230270631852,22.9961413575,3.2682255892,4.4270334304,23.0763859589,-0.7081708821660219
Li3Ge_mp-867342_110,bridge_4,1.0894114375000004,3.8516449920999984,22.9961413575,1.0894050615,3.8516608436,22.8030170617,-0.8908000830617939
Li3Ge_mp-867342_110,hollow_0,0.3631350965000008,0.7703281160543165,22.9961413575,-0.8920435622,0.7709420175,22.8893030981,-0.2710386871032867
Li3Ge_mp-867342_110,hollow_1,2.541949595133333,5.343652043145679,22.9961413575,3.210503726,4.5262863682,23.0360120663,-0.7060074996751103
Li3Ge_mp-867342_110,hollow_2,1.815680091,3.8516470137333303,22.9961413575,1.1647229366,3.8516580515,22.8192057046,-0.8903045811535765
Li3Ge_mp-867342_110,ontop_0,1.0894115129000004,5.2463507167999985,22.9961413575,1.0894067057,3.9804421169,22.810344138,-0.8883676737025687
Li3Ge_mp-867342_110,ontop_1,3.2682198745,0.7703243597999998,22.9961413575,3.2682248293,0.7703201252,22.8783113594,-0.2744171143893245
Li3Ge_mp-867342_110,ontop_2,3.268217398,3.8516510569999993,22.9961413575,3.268220329,3.851684157,23.085557027,-0.713299122201795
Li3Ge_mp-867342_111,bridge_1,1.8156817465499988,1.8869115444999998,16.211200609600002,1.8156877665,0.9040671582,16.4615522926,0.1516000564403186
Li3Ge_mp-867342_111,bridge_3,-0.36313698345000267,1.8869115444999955,16.211200609600002,-0.3631392464,1.8868878058,15.5131925766,-0.3327154436133251
Li3Ge_mp-867342_111,ontop_0,1.8156818551999996,3.1448533333,16.211200609600002,1.815680957,3.1448497285,17.1475228218,-0.063350707956309
Li3Ge_mp-867342_111,ontop_1,1.8156816379,0.6289697556999998,16.211200609600002,1.8156814238,0.6289915448,16.4300988643,0.1508559130876937
LiRh_mp-600561_100,bridge_1,2.652299496953098,5.1300001938769275e-08,24.1146240761,3.1938749752,-0.9104419778,23.709017997,-1.1376409565289742
LiRh_mp-600561_100,hollow_0,1.9892246004354006,3.966054098466669,24.1146240761,1.9892245274,3.3907648326,23.7485769015,-1.092325625711256
LiRh_mp-600561_100,hollow_1,0.6630748318646001,0.3605504141333353,24.1146240761,0.6630748251,-0.862069168,23.708550496,-1.1357236848219645
LiRh_mp-600561_100,ontop_0,1.9892246248999987,1.0816511397999997,24.1146240761,1.9892244347,1.0816511707,24.2042462015,-0.5720508061459741
LiRh_mp-600561_100,ontop_1,0.6630748073999999,3.2449533728,24.1146240761,0.6630748185,3.2449533412,23.7166729726,-1.140194515121011
LiRh_mp-600561_110,bridge_0,4.326604409650006,2.2740815213499994,18.8559287775,5.2816783849,2.8256508637,18.0695430962,-0.9239278305496867
LiRh_mp-600561_110,bridge_1,4.3266044096500025,4.571040320147299,18.8559287775,3.3562109875,6.0744279276,18.0231655744,-0.9347333142195524
LiRh_mp-600561_110,hollow_0,1.081651100833337,2.771203844033333,18.8559287775,1.0816510557,2.8331262622,18.0669554522,-0.9251001860996678
LiRh_mp-600561_110,hollow_1,3.2449533084666675,1.776959198666666,18.8559287775,3.2449532468,1.589656295,18.0298479261,-0.9354125624670344
LiRh_mp-600561_110,ontop_0,1.0816511060999998,0.7827145532999998,18.8559287775,1.0816511044,2.6989269443,18.069129962,-0.925385595588864
LiRh_mp-600561_110,ontop_1,3.244953303199999,3.7654484894,18.8559287775,3.2449531758,6.0343460554,18.0061019833,-0.9354052426005054
LiRh_mp-600561_111,bridge_3,5.677339832176088,3.4364291130145124,18.9188387159,3.3058736613,3.9529516004,17.9320360865,-1.429097806060252
LiRh_mp-600561_111,bridge_5,0.7038135981117981,0.1136260010088751,18.9188387159,0.7898919527,-0.4859198638,17.9370954832,-1.429421599950854
LiRh_mp-600561_111,hollow_0,2.4930307275778434,3.8366608386830547,18.9188387159,3.0368026715,4.0089949984,17.9280044842,-1.429091731114482
LiRh_mp-600561_111,hollow_1,4.275069503386037,3.0361973873459682,18.9188387159,3.1954131317,3.9057291613,17.931882405,-1.4292896586752322
LiRh_mp-600561_111,ontop_0,1.4705288458059385,2.2357339360088733,18.9188387159,2.9800173142,3.8611187226,17.9343421856,-1.4294321416458629
LiRh_mp-600561_111,ontop_1,2.9971033148059383,0.11362600100887324,18.9188387159,5.2040695843,-0.485717168,17.6972878673,-1.4293817338895385
Li2Pd_mp-728_100,bridge_0,1.1166080660500004,2.102558029950001,17.7785515886,1.6736501705,3.0031056223,17.2856927596,-1.0295084979319928
Li2Pd_mp-728_100,hollow_0,0.44664235270000024,2.4529844020000016,17.7785515886,0.4466203867,3.0231644329,17.3626264577,-0.9118068375957032
Li2Pd_mp-728_100,hollow_1,1.7865737794000027,0.350426311233334,17.7785515886,1.7865381645,-0.8233492415,17.2788371296,-1.0292991905644644
Li2Pd_mp-728_100,ontop_0,0.4466429360999999,1.0512789137999998,17.7785515886,0.4466171924,1.0512793273,18.0534218039,-0.3810424981697007
Li2Pd_mp-728_100,ontop_1,1.7865731959999995,3.1538371461,17.7785515886,1.7865615921,3.1538373592,17.3025415051,-1.0296388255717994
Li2Pd_mp-728_110,bridge_0,2.456537420399999,2.9460843541,22.550808917999998,1.8388850397,1.891130832,22.2653093796,-0.8594431323974251
Li2Pd_mp-728_110,bridge_2,0.44663996230000164,5.462606071899999,22.550808917999998,0.4466356983,5.4626059876,22.7738270459,-0.0667584024633073
Li2Pd_mp-728_110,bridge_4,1.7865710973000004,5.462606071899999,22.550808917999998,1.7865656953,5.4626057495,22.9360505103,-0.0035977103515772
Li2Pd_mp-728_110,hollow_0,1.7865720356999986,2.5710124970999977,22.550808917999998,1.7865749262,1.9425626464,22.2479464581,-0.806493526299389
Li2Pd_mp-728_110,hollow_1,0.4466405351000036,3.3211562111000017,22.550808917999998,0.446318757,2.0446737467,22.4355940915,-0.5919231568665804
Li2Pd_mp-728_110,ontop_0,0.44664126629999984,1.8208687830999997,22.550808917999998,0.4466188,1.8208614802,22.4489246259,-0.5964675708731046
Li2Pd_mp-728_110,ontop_1,1.7865708900999993,6.8539122187,22.550808917999998,1.7865731729,8.9238425606,22.2503915298,-0.8060032176888623
Li2Pd_mp-728_111,bridge_0,0.3349516912442666,1.6231513846390688,20.0351458078,-0.7907275561,2.7311355208,18.9677687084,-1.155348841744956
Li2Pd_mp-728_111,bridge_4,1.7416308540973713,3.802392211439069,20.0351458078,1.6482178709,3.9022845379,19.8220826794,-0.4542746450763565
Li2Pd_mp-728_111,hollow_0,1.0312776810372732,1.0076838548625469,20.0351458078,2.6223200545,1.4701626744,19.0882070316,-1.1384083629069188
Li2Pd_mp-728_111,hollow_2,1.253278841286659,4.324518799315591,20.0351458078,1.2153393149,4.3650977163,20.0424475713,-0.4612724878863189
Li2Pd_mp-728_111,ontop_0,4.9299572129973654,0.3935195583890679,20.0351458078,3.4675109593,1.9571431132,19.1726256287,-1.119709467071724
Li2Pd_mp-728_111,ontop_1,0.7263303071973685,2.852783210889068,20.0351458078,-0.7274022871,2.8351403486,18.9435100997,-1.1588545952527938
LiPd_mp-2744_100,bridge_0,2.0821698046999986,3.0796630003000005,24.9700339865,2.0821688914,3.0796629956,24.3366076463,-0.6628659515484677
LiPd_mp-2744_100,bridge_1,0.694056636059507,1.0265545902999995,24.9700339865,0.6940609301,1.0265502372,24.4076057989,-1.0369088762622736
LiPd_mp-2744_100,bridge_2,0.6940566360595073,3.0796630003000005,24.9700339865,0.6940555143,3.0796639622,24.5110220098,-0.5632301165457412
LiPd_mp-2744_100,ontop_0,2.082169804699998,1.0265545902999997,24.9700339865,2.0821691611,1.0265540928,24.3538066562,-1.1124437035378438
LiPd_mp-2744_110,bridge_0,2.053108395150002,0.08081093710924465,19.2244494705,2.9488780589,-0.4518025877,18.3593673573,-0.9161399958981044
LiPd_mp-2744_110,bridge_2,2.0531083951500024,2.4850934718500004,19.2244494705,1.1375182591,1.0157638126,18.492350459,-0.8675804444198119
LiPd_mp-2744_110,hollow_0,3.0796628018000036,4.374912873860507,19.2244494705,3.0796625517,4.3561344566,18.3580888162,-0.9172134434503356
LiPd_mp-2744_110,hollow_1,1.0265539885000026,0.5952740698394964,19.2244494705,1.0265547309,0.8857268017,18.5066471307,-0.8689998168944045
LiPd_mp-2744_110,ontop_0,3.079661995200001,1.6242003353,19.2244494705,3.0796624947,-0.318546067,18.3578642045,-0.9174915045022632
LiPd_mp-2744_110,ontop_1,1.0265547950999998,3.3459866084,19.2244494705,1.026554073,1.042283967,18.4965979032,-0.8690185873182275
LiPd_mp-2744_111,bridge_0,3.663914910100973,1.765508875206728,19.4827116336,5.4214276147,-0.1309520994,17.9319696902,-0.9580153431622964
LiPd_mp-2744_111,bridge_2,2.4601429745784644,3.931845045142805,19.4827116336,3.071179526,4.068828203,17.9459811334,-0.9579652184033952
LiPd_mp-2744_111,hollow_0,3.6663058572644753,0.32128476191600874,19.4827116336,5.4045262249,-0.2161791927,17.932939929,-0.9582141986317184
LiPd_mp-2744_111,hollow_1,3.6615239629374674,3.2097329884974446,19.4827116336,3.6895553941,3.6036168457,19.4996342885,-0.2717833243464153
LiPd_mp-2744_111,ontop_0,1.263543880546468,1.7655088752067276,19.4827116336,0.7816669553,-0.1319160053,18.1874421711,-0.9578671621233577
LiAg_mp-2426_100,bridge_0,0.7806787633000002,2.3420544439999995,19.7939936985,0.7806788182,2.34205446,19.8411864507,-0.455400988868349
LiAg_mp-2426_100,bridge_1,2.3420489283000006,2.3420544439999995,19.7939936985,2.3420615426,2.3420533458,19.3874364602,-0.8030231244826352
LiAg_mp-2426_100,ontop_0,0.7806787632999999,0.7806842789999999,19.7939936985,0.7806883319,0.780693104,20.1712387446,-0.2010791845278862
LiAg_mp-2426_110,bridge_0,3.1227388653499966,2.76152228471364e-06,23.1852418908,2.4672557438,0.8785284756,23.0891233141,-0.4216340455970598
LiAg_mp-2426_110,hollow_0,2.3420536925333297,0.3680210899815258,23.1852418908,2.3420522278,0.9358098678,23.0689075811,-0.4240382612231372
LiAg_mp-2426_110,hollow_1,0.7806837081666655,2.5761322507000006,23.1852418908,0.7806878765,2.4330910708,23.2534801093,-0.1821275886688225
LiAg_mp-2426_110,ontop_0,0.7806833468999999,1.1040577469000001,23.1852418908,0.7806918006,1.1040568221,23.3018801768,-0.2749613600801231
LiAg_mp-2426_110,ontop_1,2.3420540537999983,3.3121695026000006,23.1852418908,2.3420438532,3.312166115,23.1540839751,-0.2293097521410442
LiAg_mp-2426_111,bridge_0,4.416230745586142,1.2748572464724046,16.3470122876,3.4764331791,1.817445531,15.6051480722,-0.9656692569081872
LiAg_mp-2426_111,bridge_2,2.2081260684861386,5.995672405981166e-06,16.3470122876,3.0988084992,-0.5142147927,15.980737415,-0.4454669176283353
LiAg_mp-2426_111,ontop_0,1.1040768229999995,0.6374348467999994,16.3470122876,1.1040727765,0.637464541,16.4293044672,-0.1638624534335344
LiAg_mp-2426_111,ontop_1,5.5202861772,3.187137348399998,16.3470122876,5.5202858387,3.187135825,15.9924821672,-0.4470514442533201
Li3Sn_mp-1185265_100,bridge_0,2.3135637281000028,4.627125430249999,20.1295963398,3.3657470621,3.5749406365,19.7203871256,0.0539861590729415
Li3Sn_mp-1185265_100,bridge_1,3.470346087400003,3.4703437772999988,20.1295963398,3.4703446356,3.470340826,19.7521277323,0.0532181281928561
Li3Sn_mp-1185265_100,bridge_2,1.1567813688000004,1.1567812132,20.1295963398,1.156779968,1.1567825485,20.1440197278,0.1783808088245728
Li3Sn_mp-1185265_100,ontop_0,3.470344303800001,1.1567812131999997,20.1295963398,3.4703440614,1.1567824635,20.5231087492,0.4028686274126923
Li3Sn_mp-1185265_110,bridge_1,4.627125325949999,4.970420489700001,23.629798679400004,3.6997039551,6.0765816642,23.6973637104,-0.4595167933924944
Li3Sn_mp-1185265_110,bridge_2,1.1567855961,4.0898363899,23.629798679400004,1.156792527,4.0895734362,23.4841239138,-0.0253173763553585
Li3Sn_mp-1185265_110,hollow_1,1.927970134133332,4.089824861633334,23.629798679400004,3.2655223395,4.0848019756,23.5022749599,-0.2079950625219584
Li3Sn_mp-1185265_110,hollow_2,0.3855916117000015,0.8179598706461998,23.629798679400004,1.0451882212,0.8178869682,23.5416630724,-0.774474422951317
Li3Sn_mp-1185265_110,ontop_0,3.4703295129,0.8179509922999999,23.629798679400004,3.4703273312,0.8177659213,23.9004357121,-0.4443682437470727
Li3Sn_mp-1185265_111,bridge_0,0.7711732759000011,2.671475231864086,16.5501637649,-0.1157868158,2.1593781366,15.6652119396,-1.3633606991413143
Li3Sn_mp-1185265_111,bridge_1,1.9279635514000009,2.0036129061000008,16.5501637649,1.9279536545,0.8679513409,16.2430404702,-0.8298235983285202
Li3Sn_mp-1185265_111,bridge_2,3.0847538269000014,1.3357505803359144,16.5501637649,3.9867643971,1.8565827631,15.6762574535,-1.3593715541605325
Li3Sn_mp-1185265_111,bridge_3,-0.38559938359999657,2.0036129061000008,16.5501637649,-0.3855903334,2.0036057623,15.6682327674,-1.36026573981259
Li3Sn_mp-1185265_111,ontop_0,1.9279723594,3.3393548553,16.5501637649,1.9279672736,3.339319122,16.5961644948,-0.4760516427768225
Li3Sn_mp-1185265_111,ontop_1,1.9279547433999997,0.6678709568999998,16.5501637649,1.9279583752,0.6678723104,16.2580114621,-0.8293933616047701
LiIr_mp-279_100,bridge_0,3.162376656636429e-06,4.355128926450003,24.1324129841,0.647578367,3.4430760899,23.7526782124,-1.352710973523629
LiIr_mp-279_100,hollow_0,1.9898263276155634,3.9922002649666664,24.1324129841,1.9898166991,3.4005526488,23.7923820712,-1.284406499586654
LiIr_mp-279_100,hollow_1,0.663281646484438,0.3629100879333364,24.1324129841,0.6632745023,-0.9680471693,23.7605995496,-1.3556998995501566
LiIr_mp-279_100,ontop_0,1.9898386146999998,1.0887674108999998,24.1324129841,1.9899498891,1.0887831962,24.3775207312,-0.7382928624933854
LiIr_mp-279_110,bridge_0,2.1775717455500003,4.532712764656624,18.9685656711,3.1647280013,5.9774496045,18.1170519294,-1.190756597062761
LiIr_mp-279_110,bridge_2,4.35514549555,2.2350593374999996,18.9685656711,5.3207901707,2.8217036876,18.1535061001,-1.1970593926890578
LiIr_mp-279_110,hollow_0,1.088785294766666,2.735194822333333,18.9685656711,1.088789765,2.8468221289,18.1512661278,-1.19843339287608
LiIr_mp-279_110,hollow_1,3.2663581963333392,1.734923852666662,18.9685656711,3.266368972,1.4564575061,18.133242637,-1.1910400500533438
LiIr_mp-279_110,ontop_0,1.0887835978999998,0.7346528829999999,18.9685656711,1.0887848463,2.7018625164,18.1514701862,-1.1983369529526593
LiIr_mp-279_110,ontop_1,3.2663598932,3.7354657919999994,18.9685656711,3.2663683082,5.902661796,18.1276573926,-1.1914119019978369
LiIr_mp-279_111,bridge_3,5.681867080277936,3.5158542897379177,18.958409147,3.3376190858,3.9988575685,18.0416572523,-1.6444952972894271
LiIr_mp-279_111,bridge_4,2.236806531491039,1.240652364724726,18.958409147,5.1713647138,-0.3558556945,17.780161995,-1.6440044566956242
LiIr_mp-279_111,hollow_0,2.4945291364622646,3.9161112082589806,18.958409147,3.0618878095,4.0748444522,18.0387826661,-1.6434355098593862
LiIr_mp-279_111,hollow_1,4.281229111165636,3.1155973712168556,18.958409147,3.226504292,3.9545688058,18.0480198812,-1.6439957231961924
LiIr_mp-279_111,ontop_0,1.4799531729410367,2.3150835341747267,18.958409147,3.0069203457,3.9244472529,18.0466103369,-1.6442604996422174
LiIr_mp-279_111,ontop_1,2.993659890041035,0.1662211952747269,18.958409147,5.2321716373,-0.4651130846,17.7970664671,-1.6444379302153578
Li2Pt_mp-2170_100,bridge_0,1.1010778869000004,4.172124865100002,17.7753998819,1.6498957409,3.2758914687,17.1905226497,-1.4370805124315802
Li2Pt_mp-2170_100,hollow_0,1.7617118282333333,0.3476689683666694,17.7753998819,1.7617357684,-0.8360886004,17.1878430888,-1.436815699250476
Li2Pt_mp-2170_100,hollow_1,0.4404439455666679,2.433740608500003,17.7753998819,0.4413697356,3.0111211641,17.2774734876,-1.2450227573600547
Li2Pt_mp-2170_100,ontop_0,0.4404323908999999,1.0430174048999998,17.7753998819,0.4404398978,1.0430145984,18.02531323,-0.6041659997491835
Li2Pt_mp-2170_100,ontop_1,1.7617233828999994,3.1291022103,17.7753998819,1.7617178004,3.1290911687,17.1945966542,-1.436894126586974
Li2Pt_mp-2170_110,bridge_0,1.1010563628499999,0.6984290526659108,22.409252995899998,1.6822243167,1.7098374846,22.1679539096,-1.0378008618714685
Li2Pt_mp-2170_110,bridge_2,0.4404221905000012,5.419756819450014,22.409252995899998,0.4404204141,5.4197564242,22.6818558058,-0.0832853183629464
Li2Pt_mp-2170_110,bridge_4,1.7616958505000013,5.419756819450014,22.409252995899998,1.7616984023,5.4197582937,22.8293244865,-0.026932874994809
Li2Pt_mp-2170_110,hollow_0,0.4404203913000009,0.3290422777545488,22.409252995899998,0.4403221475,1.6672418226,22.3770835176,-0.7449923962504369
Li2Pt_mp-2170_110,hollow_1,1.7616923892666672,2.5453607769333373,22.409252995899998,1.7616964155,1.9361857443,22.1525484087,-1.038028672992141
Li2Pt_mp-2170_110,ontop_0,0.4404169574999999,1.8065893773999997,22.409252995899998,0.4404095613,1.8065869442,22.3788228316,-0.7459911199376784
Li2Pt_mp-2170_110,ontop_1,1.7616957681999998,6.8166100629000015,22.409252995899998,1.7616972153,8.8972523249,22.1732738406,-1.038665644246231
Li2Pt_mp-2170_111,bridge_3,1.638290700681445,3.8363574537505127,20.8820034835,-1.1827881233,6.8632348931,19.9737085091,-1.1602896360511592
Li2Pt_mp-2170_111,bridge_4,2.702677047331445,1.705382144500513,20.8820034835,2.6024165283,1.5956882644,19.8890018306,-1.2022227789690787
Li2Pt_mp-2170_111,hollow_0,0.9143065876797322,1.0799216705124708,20.8820034835,2.4472303795,1.5017678046,19.8939228023,-1.2069438126484728
Li2Pt_mp-2170_111,hollow_1,1.1465321582891128,4.364117055688553,20.8820034835,1.1039322964,4.4098345569,20.8808302901,-0.4666339527501551
Li2Pt_mp-2170_111,ontop_0,4.753269948281444,0.49334318180051107,20.8820034835,3.3206965648,2.0307884513,19.9733790133,-1.159203698466165
Li2Pt_mp-2170_111,ontop_1,0.6520841463814447,2.917421107200511,20.8820034835,-0.8346740346,2.9395177148,19.7523338104,-1.2332135594301312
LiPt_mp-11807_100,bridge_0,1.3731262426499977,5.94850000815007e-07,25.053269988800004,0.7311744201,0.6742712281,24.6538796588,-1.0585528034128129
LiPt_mp-11807_100,hollow_0,2.0596984131717155,3.8228984277000055,25.053269988800004,2.0593659669,3.2432641532,24.3548044557,-1.1424422039709343
LiPt_mp-11807_100,hollow_1,0.6865540721282803,0.34756778200000554,25.053269988800004,0.6865711805,0.8273121364,24.6782329999,-1.052607667625542
LiPt_mp-11807_100,ontop_0,2.0596856769999983,1.0427021562999998,25.053269988800004,2.0596156544,1.0426473404,24.8869711995,-0.7105879769513468
LiPt_mp-11807_110,bridge_0,4.1704567139,4.6715382888146655,19.2295455982,3.2134326972,6.0314009118,18.4331729008,-1.2044654704468876
LiPt_mp-11807_110,bridge_2,4.170456713899998,2.293193553850004,19.2295455982,5.1015106101,2.8669633727,18.2928156643,-1.3155544789446747
LiPt_mp-11807_110,hollow_0,1.04260596353334,2.8106570231333396,19.2295455982,1.0426089821,2.8847079292,18.2936574025,-1.316077922877838
LiPt_mp-11807_110,hollow_1,3.1278424442666664,1.7757300845666704,19.2295455982,3.1278320806,1.4313635717,18.4300069888,-1.2045549129582434
LiPt_mp-11807_110,ontop_0,1.0426139049999998,0.7408031459999999,19.2295455982,1.04261772,2.7193414538,18.2895433665,-1.3155575102945956
LiPt_mp-11807_110,ontop_1,3.1278345028,3.8455839617,19.2295455982,3.1278402064,5.975983515,18.4295786184,-1.2045906047905504
LiPt_mp-11807_111,bridge_0,3.932044940162394,1.1710485044538905,18.8824641279,2.9356407246,2.683249499,18.1800419216,-1.609626776679337
LiPt_mp-11807_111,bridge_2,1.557551694671708,1.1710485044538905,18.8824641279,2.7195596148,2.722601641,18.1933202157,-1.5996315818319222
LiPt_mp-11807_111,hollow_0,3.6608238142390532,2.967179505955821,18.8824641279,2.9409628517,2.8204925396,18.1760601752,-1.6116303234899008
LiPt_mp-11807_111,hollow_1,6.574350184547084,3.765213057307747,18.8824641279,7.1614087987,3.7379679904,17.712249964,-1.6231431511776078
LiPt_mp-11807_111,ontop_0,5.4962839349123955,2.1691459546038914,18.8824641279,3.0532988299,2.8234934379,18.1663518452,-1.6127507215912265
LiPt_mp-11807_111,ontop_1,2.367805945412396,0.17295105430389113,18.8824641279,2.8023361388,2.7246783057,18.149688439,-1.6119313985828414
LiAu_mp-1206794_100,bridge_0,2.3129632827999997,2.3129853075000018,19.6245980893,2.3129590465,2.3129804278,19.6235553012,-0.203754843393637
LiAu_mp-1206794_100,bridge_1,0.7709891628000012,2.3129853075000018,19.6245980893,0.7710433298,2.3129497782,20.0191046165,-0.0623963007548105
LiAu_mp-1206794_100,ontop_0,0.7709891627999996,0.7710111874999999,19.6245980893,0.7709917847,0.7710318185,20.3368673588,0.038793135116707
LiAu_mp-1206794_110,bridge_0,3.0839409181000024,4.361344089582321,23.031022975500004,3.7341159802,5.237633695,22.8599171126,-0.6607891462064664
LiAu_mp-1206794_110,hollow_0,2.312957253033335,2.5441075088333363,23.031022975500004,2.3129154432,3.1064408203,22.8307138428,-0.4498368303684223
LiAu_mp-1206794_110,hollow_1,0.7709763431666654,1.8172192436666692,23.031022975500004,0.7709902286,1.2553860992,22.8634040476,-0.6621235075477442
LiAu_mp-1206794_110,ontop_0,2.312943673299998,1.0903309784999997,23.031022975500004,2.3129202258,1.0903287244,23.1587496823,-0.3928746679627947
LiAu_mp-1206794_111,bridge_1,3.2710210700000006,1.8885248952499993,16.4512958663,3.2710009624,1.8884940189,15.5787770452,-0.6710499052702674
LiAu_mp-1206794_111,bridge_3,2.1806807133661645,2.5180331936885594,16.4512958663,3.1097015428,1.9815864727,15.5688797986,-0.6714882441893038
LiAu_mp-1206794_111,ontop_0,5.4517017833,3.1475414920999993,16.4512958663,5.4516989711,3.1475533015,16.0674072597,-0.2832364366164734
LiAu_mp-1206794_111,ontop_1,1.0903403567,0.6295082983999997,16.4512958663,1.090266274,0.6295067573,16.1010569854,0.1021773579925871
Li3Au_mp-11247_100,bridge_0,5.135818725099256e-07,3.6613069802681273,19.8013159424,-0.8674451445,2.7938676349,19.6174581506,-0.1165974407726741
Li3Au_mp-11247_100,bridge_1,1.0983922340318706,0.36612907060000005,19.8013159424,1.0983889135,0.3661255345,19.8579780069,-0.0761098817108501
Li3Au_mp-11247_100,ontop_0,1.0983934000999998,2.562915676,19.8013159424,1.0983959278,2.5629177407,20.195452477,0.100374223143461
Li3Au_mp-11247_110,bridge_1,1.0983969350999974,3.8834031619499956,23.1094393706,1.0983989886,3.8834332635,23.3496444228,-0.0790782440831616
Li3Au_mp-11247_110,bridge_2,3.0110818731741204e-06,1.4977925847499975,23.1094393706,-0.9496888894,1.2544882301,23.0136588764,-0.6387261743808116
Li3Au_mp-11247_110,hollow_0,1.8306591927333324,3.883402860066664,23.1094393706,3.0858878267,3.8834340229,23.2090239396,-0.3067073398861003
Li3Au_mp-11247_110,hollow_2,2.562919722566665,5.4738087546911816,23.1094393706,3.2197561089,6.088479149,22.9734794064,-0.6478325360577831
Li3Au_mp-11247_110,ontop_0,1.0983970468999988,5.547899996299999,23.1094393706,1.0984057698,6.7781389934,22.8500382999,-0.430793537532142
Li3Au_mp-11247_111,bridge_0,1.8307264354999937,1.902483008399999,16.194885907,1.8306512957,0.844686893,15.7790839549,-0.734373082092427
Li3Au_mp-11247_111,bridge_1,-0.3660581714681296,1.902483008399999,16.194885907,-0.3660632379,1.9024519596,15.5814339989,-1.0670222877165063
Li3Au_mp-11247_111,bridge_3,-0.36606974326812824,3.1707443766999996,16.194885907,-0.3661059645,2.0996018204,15.5674236413,-1.0667941038003477
Li3Au_mp-11247_111,ontop_0,1.830738007299998,0.6342216400999997,16.194885907,1.830712795,0.634170435,15.7900703983,-0.7346026592319942
Li3Au_mp-11247_111,ontop_1,1.8307148636999995,3.1707443767,16.194885907,1.8307187486,3.1707629625,16.1846674941,-0.5965720109478204
LiPb_mp-2314_100,bridge_0,2.644689482000004,2.644700727500002,20.686655414900002,2.6446917277,2.6446975785,20.3940631596,-0.1912934929708694
LiPb_mp-2314_100,bridge_1,0.8815589869999996,2.644700727500002,20.686655414900002,0.8815591293,2.6447035678,20.8623965579,0.0776847714177033
LiPb_mp-2314_100,ontop_0,0.8815589870000001,0.8815702324999999,20.686655414900002,0.8815654144,0.8815876172,21.3906957969,0.2522855956873294
LiPb_mp-2314_110,bridge_0,3.5262595815499975,4.986880127062593,24.484283643499996,4.3305716782,5.8199573627,24.5907123529,-0.2552833382073649
LiPb_mp-2314_110,hollow_0,0.8815638252333328,2.0778631899000017,24.484283643499996,0.8815651122,1.7136766778,24.5944933647,-0.2522893903160925
LiPb_mp-2314_110,hollow_1,2.6446943478666682,2.9090109477000055,24.484283643499996,2.644694647,3.516495839,24.4360323739,-0.2865299792996308
LiPb_mp-2314_110,ontop_0,2.6446942925999983,1.2467154321000002,24.484283643499996,2.6446997202,1.2467150395,24.9662277789,0.0025074543192688
LiPb_mp-2314_110,ontop_1,0.8815638804999999,3.7401587055000003,24.484283643499996,0.8815649926,3.7401582491,24.575890236,-0.1907796179253986
LiPb_mp-2314_111,bridge_3,4.8396526931042425,2.000498347366243,16.9915699836,4.7785433753,3.1616474379,15.8677240898,-1.069361757898558
LiPb_mp-2314_111,bridge_4,4.8199103669554875,3.452405129565139,16.9915699836,4.7757152553,3.4779610028,15.8623548867,-1.069644572781444
LiPb_mp-2314_111,hollow_0,5.642925179786395,3.93637405696477,16.9915699836,4.969333834,3.5951087953,15.8461496435,-1.069212549629305
LiPb_mp-2314_111,hollow_1,3.996895554124582,2.9684362021655075,16.9915699836,4.5723732516,3.3634770674,15.8651063072,-1.068846308675086
LiPb_mp-2314_111,ontop_0,4.790846742062756,0.5882385524662427,16.9915699836,4.7738841793,0.5980476278,16.73184051,-0.1499804393540498
LiPb_mp-2314_111,ontop_1,2.350865928462756,2.0004983473662423,16.9915699836,2.308262943,2.025159956,16.3012756313,-0.5177023544913227
Li3Pb_mp-30760_100,bridge_0,2.335746398850001,5.079916848799998,23.7448574937,1.4124708348,6.1110141147,23.81489838,-0.3531637045683438
Li3Pb_mp-30760_100,bridge_1,3.5036277026500025,4.180385654149992,23.7448574937,3.5036409819,4.1799449699,23.6366518812,-0.0002486019902428
Li3Pb_mp-30760_100,hollow_0,2.725040185733337,4.180353233233334,23.7448574937,1.378937676,4.1716065782,23.6688022552,-0.143210849847654
Li3Pb_mp-30760_100,hollow_1,1.9464448850666654,2.4658652763333335,23.7448574937,1.3405158527,2.1724434802,23.8378613172,-0.3561697969095528
Li3Pb_mp-30760_100,ontop_0,1.1678417437999997,0.8360814354999999,23.7448574937,1.1678414009,0.8357334373,24.0546456647,-0.3283980216624774
Li3Pb_mp-30760_100,ontop_1,1.1678651518999998,4.1802883914,23.7448574937,1.1678657365,4.1798591241,23.6839954827,-0.1460279943879555
Li3Pb_mp-30760_110,bridge_0,2.3503037454624676,6.762401901375481e-07,20.2534548663,3.4311989907,-1.06762279,19.8867459727,0.0771667330302983
Li3Pb_mp-30760_110,bridge_1,1.160636591004553,1.1750615166000005,20.2534548663,1.1606357059,1.1750615568,20.2385381424,0.1494603641932104
Li3Pb_mp-30760_110,bridge_2,3.481914095395445,3.5251853444000005,20.2534548663,3.4819102821,3.5251830294,19.921679941,0.0780842538182058
Li3Pb_mp-30760_110,ontop_0,1.1316120704999997,3.5251853444000005,20.2534548663,1.1316095657,3.5251855001,20.6242351696,0.4036367004706205
Li3Ag_mp-865875_100,bridge_0,9.385000080431597e-08,8.765999996364239e-07,20.0364512054,1.0035334693,-1.0035293926,19.7850922406,-0.05423327940151
Li3Ag_mp-865875_100,bridge_1,3.39618116,1.1320612833000017,20.0364512054,3.3961877872,1.1320691479,20.0358110061,-0.0266355482712474
Li3Ag_mp-865875_100,bridge_2,1.1320605999999989,3.396181843300002,20.0364512054,1.1320584119,3.3961845098,19.8733865049,-0.0551800742139295
Li3Ag_mp-865875_100,ontop_0,1.1320601477000005,1.1320610298999998,20.0364512054,1.1320612085,1.132062133,20.3446757644,0.1833871077728763
Li3Ag_mp-865875_110,bridge_1,4.528237190849999,4.752275507849999,23.393021135700003,3.5767418367,4.5099322731,23.2844398559,-0.4480424698353964
Li3Ag_mp-865875_110,bridge_3,1.132053107700001,0.800477990950234,23.393021135700003,1.1320521898,0.8003973399,23.5843880854,-0.010840126505226
Li3Ag_mp-865875_110,hollow_0,4.150884440633334,5.569639479533178,23.393021135700003,3.4855518334,4.9843770259,23.2332177592,-0.4570864221675397
Li3Ag_mp-865875_110,hollow_1,0.37734801186666533,0.8004744664001551,23.393021135700003,-0.9477910142,0.800039115,23.4708980414,-0.2214912026209348
Li3Ag_mp-865875_110,hollow_2,1.8867620908999991,4.002430447366666,23.393021135700003,3.1719831257,4.0023398769,23.3326854198,-0.4449136554430017
Li3Ag_mp-865875_110,ontop_0,1.1320532043999998,5.5021156611,23.393021135700003,1.1320596199,4.3537383535,23.1919305385,-0.307281914038197
Li3Ag_mp-865875_110,ontop_1,3.396178940199999,0.8004674172999999,23.393021135700003,3.3961793445,0.8003814178,23.4154692838,-0.2222664186716155
Li3Ag_mp-865875_111,bridge_0,0.7547059286999981,1.3071947177093504,16.668257802599996,-0.1716141752,1.8419986195,15.8054001836,-0.4327157385830989
Li3Ag_mp-865875_111,hollow_0,-0.3773543513000035,1.9607900251062331,16.668257802599996,-0.3773510977,1.9607911209,15.8074254786,-0.4344023242849575
Li3Ag_mp-865875_111,hollow_1,1.886766208700001,0.653599410312468,16.668257802599996,1.8867908613,0.6535945987,16.5684615678,0.04509595387214
Li3Ag_mp-865875_111,ontop_0,1.886766208699999,3.2679806398999984,16.668257802599996,1.8867485942,3.2679443439,17.3702721898,-0.0591511725938986
LiCd_mp-1437_100,bridge_0,1.1781601540999995,1.1782125579416793,20.4547521334,1.1782042815,1.178228686,20.0608466291,-0.2638004968839363
LiCd_mp-1437_100,bridge_1,2.356349664749999,4.712754016058324,20.4547521334,2.9367059383,3.6665016392,19.884780963,-0.2311771126960747
LiCd_mp-1437_100,hollow_0,1.9636198278666668,1.1781964731611203,20.4547521334,1.3419203452,1.1781688255,20.0458512872,-0.2595037474340739
LiCd_mp-1437_100,hollow_1,2.749079501633337,3.5345574452388813,20.4547521334,3.2551472054,3.5345728193,20.1266551505,-0.2290930010938739
LiCd_mp-1437_100,ontop_0,3.5345391754,1.1781643035999998,20.4547521334,3.5344894234,1.1781541032,20.4909394759,0.2454211676504932
LiCd_mp-1437_110,bridge_0,1.1781886786500022,0.8515779427761667,23.807988061,1.1781765421,4.0120175867,23.801383268,-0.4835390077904452
LiCd_mp-1437_110,bridge_3,2.3563711688500013,4.998587193,23.807988061,2.356370643,4.9985906808,24.0039524096,-0.3300767568772516
LiCd_mp-1437_110,hollow_0,0.39272911036111985,0.8264715895174432,23.807988061,0.4282163295,0.8088144689,23.9255912411,-0.1953468813450883
LiCd_mp-1437_110,ontop_1,3.5345498220000002,4.1853475124,23.807988061,3.5345660714,5.6569159906,23.8275496895,-0.4819406645770547
LiCd_mp-1437_111,bridge_0,0.7864041828708394,1.3586945316658887,16.697894139,-0.2195716933,1.9362645444,15.8970922286,-0.4881373683946341
LiCd_mp-1437_111,hollow_0,-0.39178434555832164,2.0389219957105933,16.697894139,-0.3925479515,2.0374182818,15.880097914,-0.488170258814167
LiCd_mp-1437_111,hollow_1,1.9645927113000023,0.6784670676211799,16.697894139,1.9603862008,0.6755281587,15.7669310604,-0.5311193570378944
LiCd_mp-1437_111,ontop_0,1.9645927112999995,3.399376923800001,16.697894139,1.9642501872,3.3971596959,15.7475731219,-0.173553115980005
LiSn_mp-569073_100,bridge_0,2.441082126700001,0.3205080865617799,18.4000482955,2.4410840303,2.3608343568,17.4351806781,-0.8631294226588826
LiSn_mp-569073_100,bridge_1,0.8718152067000021,4.240365068515799,18.4000482955,0.8718152186,5.1753350933,17.6237563048,-0.4892047790977351
LiSn_mp-569073_100,bridge_2,2.4410821267000027,4.240365068515799,18.4000482955,2.4410828945,4.2067415562,17.5797676743,-0.485040411749081
LiSn_mp-569073_100,ontop_0,0.8718152067,0.3205080865617631,18.4000482955,0.8720287168,0.295738276,18.5529076501,-0.0245107637886633
LiSn_mp-569073_110,bridge_10,5.289794968020765,4.288549794655902,20.033335077199997,3.3350271084,5.3913849847,19.6884193941,-0.5260838520920861
LiSn_mp-569073_110,bridge_11,6.022030213433969,5.687629289455903,20.033335077199997,7.4904609455,5.0569588121,19.1382794105,-0.5968018942158804
LiSn_mp-569073_110,hollow_4,4.545765622270765,3.9245615845559034,20.033335077199997,3.2455590914,5.5100812126,19.6106221454,-0.5293815975765387
LiSn_mp-569073_110,hollow_6,6.032905602046248,4.781608038422574,20.033335077199997,7.5159964744,5.0640324273,19.1154669963,-0.5982405378029373
LiSn_mp-569073_110,ontop_0,3.0577069307707614,3.1965851643559016,20.033335077199997,3.2040017208,5.2564192543,19.6829813954,-0.5149717000257644
LiSn_mp-569073_110,ontop_1,4.524933556770761,5.607534052955901,20.033335077199997,3.2485373144,5.5662299331,19.6073909131,-0.5255209121753845
LiIr3_mp-30738_100,bridge_0,2.6591902481453493,1.1435877805833143,19.064629083000003,5.4312436796,-0.1251774389,17.5388008808,-1.7019937841447732
LiIr3_mp-30738_100,bridge_1,1.4991084966122348,3.426013538921264,19.064629083000003,0.9974271019,4.5769036836,18.8119084516,-0.756250156520442
LiIr3_mp-30738_100,bridge_5,-0.8301959625265605,3.426013538921264,19.064629083000003,-1.2842485665,4.2598575234,18.016950688,-1.7020230989859535
LiIr3_mp-30738_100,hollow_0,3.979641457921205,1.4799892270499817,19.064629083000003,5.5318645824,-0.0925017258,17.5384514763,-1.7022098331368951
LiIr3_mp-30738_100,hollow_1,1.338739038369488,0.8071863341166449,19.064629083000003,1.0199266203,-0.1334569466,17.7790285641,-1.7019409205577278
LiIr3_mp-30738_100,ontop_0,3.3564455370953445,0.13438344118331025,19.064629083000003,5.4887689969,-0.2006064863,17.5388912349,-1.7021089672793577
LiIr3_mp-30738_100,ontop_1,1.9619349591953452,2.1527921199833098,19.064629083000003,1.071490182,-0.0406637828,17.7800162987,-1.7020098293460082
LiIr3_mp-30738_110,bridge_0,3.138275398824691,0.3577086680824013,22.591635035099998,3.912496885,-2.5885140869,21.069869524,-1.7563198829906042
LiIr3_mp-30738_110,bridge_5,-0.506027492013207,4.2390507853193515,22.591635035099998,-2.4914545728,2.5703063528,21.3396471013,-1.7566676936637695
LiIr3_mp-30738_110,hollow_0,3.7430728038396555,1.2146623457157355,22.591635035099998,2.6081488366,2.4320248461,21.0999932662,-1.756772909262145
LiIr3_mp-30738_110,hollow_3,1.0882715122190547,4.675877813431665,22.591635035099998,2.4891049963,2.593838908,21.1002123711,-1.755922155725402
LiIr3_mp-30738_110,ontop_0,-0.1681284454201979,2.928569700982401,22.591635035099998,-2.4637394096,2.5034124718,21.3428966705,-1.7557888946984626
LiIr3_mp-30738_110,ontop_1,0.5778773691798024,0.3577086680824012,22.591635035099998,-1.0799567086,-2.5675618375,21.3247318427,-1.7564889256494596
LiIr3_mp-30738_111,bridge_4,1.330582981654954,3.5894329583328344,20.038974861099998,2.4946160706,0.182003087,18.7111287358,-2.048042581100733
LiIr3_mp-30738_111,hollow_0,3.583212349609561,5.708305276577086,20.038974861099998,2.615984258,6.3820325572,18.8000698866,-2.047517114000803
LiIr3_mp-30738_111,hollow_3,0.8687702395703976,1.4705606400885802,20.038974861099998,2.4882180304,0.0931589751,18.7161580159,-2.048269141854403
LiIr3_mp-30738_111,ontop_0,2.725892723460024,3.5692963922828334,20.038974861099998,2.7367023003,3.5348570615,20.2924925171,-0.6549111218958801
LiIr3_mp-30738_111,ontop_1,5.307723117460023,3.6095695243828336,20.038974861099998,4.4820889779,0.2619506946,18.6901775,-1.841342109099732
LiHg_mp-2012_100,bridge_0,0.8255132245000001,2.4754057339999966,20.329500418899997,0.8252984754,2.4757938059,20.2732892163,-0.4000404078324963
LiHg_mp-2012_100,bridge_1,2.4761791744999995,2.4754057339999966,20.329500418899997,2.4760416807,2.4757979312,19.7182875331,-0.7265151331872997
LiHg_mp-2012_100,ontop_0,0.8255132244999992,0.8247397839999998,20.329500418899997,0.8254770236,0.8244659821,20.7145531987,-0.1463248149797252
LiHg_mp-2012_110,bridge_0,3.301315343249995,9.199366253400286e-05,23.7132731644,2.5489052371,0.8869845756,23.6831943373,-0.3204509459000005
LiHg_mp-2012_110,bridge_2,0.8253332912999967,3.5016275503,23.7132731644,0.8251858031,3.5016416968,23.6410437542,-0.2752081212176502
LiHg_mp-2012_110,hollow_0,2.4759767438999956,0.38917625707502296,23.7132731644,2.4760276408,0.9193792185,23.6751189773,-0.321507512860416
LiHg_mp-2012_110,ontop_0,0.8252995451999999,1.1673447839000002,23.7132731644,0.8251052689,1.1673387177,23.9833130685,-0.1447729039384821
LiHg_mp-2012_111,bridge_0,0.45443730250497244,0.1865711850468086,19.604046585,1.4693173652,-0.4005834606,18.6009366652,-0.6883834323738807
LiHg_mp-2012_111,bridge_1,2.785226231824296,0.18657118504680947,19.604046585,1.8820352909,-0.4023153001,18.6149059217,-0.6888548671577392
LiHg_mp-2012_111,hollow_0,3.951823373950071,0.860104927404648,19.604046585,3.9990825032,0.8327010725,18.8678385821,-0.4026455143414642
LiHg_mp-2012_111,hollow_1,3.9566340838145084,3.554239896835996,19.604046585,4.0151330202,3.5204365775,18.6203841595,-0.6921163534515437
LiHg_mp-2012_111,ontop_0,1.6234397995629604,2.207172412120323,19.604046585,1.6045478982,2.2180931148,19.9456016044,0.2159963692442262
LiNi3_mp-1185266_100,bridge_0,1.7463049153500008,6.800669567176366,21.160184074500002,2.5544515446,4.3979809732,20.547661248,-1.707886204648035
LiNi3_mp-1185266_100,bridge_2,0.8731522804499992,2.579945630299999,21.160184074500002,0.8731518973,3.9007001481,20.6979495544,-1.4123761395235106
LiNi3_mp-1185266_100,bridge_3,1.7463049281000014,5.080618019400005,21.160184074500002,2.5632414682,4.3269286356,20.5500935661,-1.708509562028926
LiNi3_mp-1185266_100,ontop_0,0.8731522931999994,4.2998751517999985,21.160184074500002,0.8731519794,4.2998973456,20.7250738639,-1.4117700137557725
LiNi3_mp-1185266_110,bridge_1,2.160421509810875,3.0092640999,18.094554114,2.1604272457,3.0092670016,17.6069510174,-1.6981038913857134
LiNi3_mp-1185266_110,bridge_2,0.76321747027935,4.012352534849898,18.094554114,0.752028529,4.0205504375,18.1200214941,-1.0514495531655157
LiNi3_mp-1185266_110,ontop_0,0.043074494799998905,3.0092640999,18.094554114,0.043072749,3.0092650507,18.2239861883,-0.9715422593578956
Li3Ni_mp-1185204_100,bridge_0,3.809805487873728,3.56933620605,21.6257251423,4.7274495182,1.2989566731,20.7992631875,-1.0853330197364544
Li3Ni_mp-1185204_100,bridge_2,2.857290935773721,4.733720591200009,21.6257251423,2.8575096441,4.7343458873,21.5079397509,-0.5030082828500779
Li3Ni_mp-1185204_100,hollow_0,0.9524603387841933,3.1812080776666773,21.6257251423,0.9521069925,1.206483844,20.8050986285,-1.0897036957565922
Li3Ni_mp-1185204_100,hollow_1,2.8573306372158136,3.9574643344333396,21.6257251423,2.8575001358,4.4750898714,21.5096003437,-0.4989571217267405
Li3Ni_mp-1185204_100,ontop_0,0.9523809359000003,4.7337205912,21.6257251423,0.9523370108,4.7330349309,21.7707518636,-0.3357804404719126
Li3Ni_mp-1185204_100,ontop_1,2.8574100401,2.4049518209,21.6257251423,2.8580535544,1.1629376747,20.8314605968,-0.7614020242130681
Li3Ni_mp-1185204_110,bridge_0,-0.7628012415298193,2.1957852091000007,18.8006539954,-2.1717386621,3.1808175436,18.2647100448,-0.8549454947877941
Li3Ni_mp-1185204_110,hollow_0,1.0348881854941854,0.3663296877881883,18.8006539954,-0.1138389,-0.2385511304,18.0716521764,-0.9252372812143927
Li3Ni_mp-1185204_110,hollow_1,2.087732911305811,4.025240730411811,18.8006539954,2.7583297258,3.9618038423,18.1246380604,-0.9479261900736664
Li3Ni_mp-1185204_110,ontop_0,0.01793773370000006,3.2934141477,18.8006539954,0.0175045197,3.2941697207,19.0241649313,-0.0163531819957846
LiGe_mp-9918_100,bridge_0,0.9945070553999934,7.003481096199996,17.803454604600002,1.1844267034,5.5364066937,16.8161403381,-1.1801034196771285
LiGe_mp-9918_100,bridge_1,1.3832570345999922,4.57065004935,17.803454604600002,1.2379403866,5.3938947342,16.8271970803,-1.1787698093715195
LiGe_mp-9918_100,hollow_1,2.9215036533666647,6.558962834799999,17.803454604600002,4.5289544634,5.9215268568,16.8258564354,-1.5468809454870407
LiGe_mp-9918_100,hollow_4,4.701937763366665,4.050274010966663,17.803454604600002,4.6176600452,5.8061437842,16.8183053351,-1.5467777326494183
LiGe_mp-9918_100,ontop_2,2.542782376599998,3.4675670647,17.803454604600002,1.2479801771,5.4199143168,16.8173224761,-1.1836855120469454
LiGe_mp-9918_110,bridge_0,2.869458483899993,4.994314359600002,18.081090484999997,4.144603272,2.6101229899,16.7362455368,-1.0761209866626038
LiGe_mp-9918_110,hollow_0,2.379140779966664,0.48118914121233386,18.081090484999997,2.6368042627,0.3239650349,16.8064314903,-0.6020592741129543
LiGe_mp-9918_110,hollow_1,0.48784173283333165,2.625973927806169,18.081090484999997,-1.2896160388,2.4808497129,16.7424161581,-1.0749953571708146
LiGe_mp-9918_110,ontop_0,1.3985053720999991,5.2178700048,18.081090484999997,3.5123569158,2.5040585699,16.7391006844,-1.024628361916907
LiGe_mp-9918_111,hollow_0,8.425652972569308,2.984929309589759,17.4724842662,6.310305472,5.5217438076,16.0726796264,-3.1796244609088
LiGe_mp-9918_111,hollow_7,4.667557798216653,8.977172704961943,17.4724842662,6.2197720161,5.7132211378,16.0271481091,-3.1650931447240653
LiRh3_mp-1001787_100,bridge_2,3.865574089699999,5.368374503050008,18.7970729764,2.7966097006,5.3683534998,17.789394359,-1.83486742993471
LiRh3_mp-1001787_100,hollow_2,2.8192866298333312,5.368369165399996,18.7970729764,2.778572594,5.3683494664,17.7921709574,-1.8345015998811245
LiRh3_mp-1001787_100,ontop_1,3.8655896163,7.4065503581,18.7970729764,2.8022750296,5.4433201936,17.7902398635,-1.8348679986580927
LiRh3_mp-1001787_100,ontop_2,0.7339793171000001,1.0736675576999999,18.7970729764,-1.5121736256,1.0736264468,17.9247899774,-1.3965653215564395
LiRh3_mp-1001787_110,bridge_0,-0.4798830103861449,3.294098217800352,23.405579266499995,-0.4611021454,3.2906297339,23.5578062394,-0.7595434325302138
LiRh3_mp-1001787_110,bridge_3,1.1278103108638575,2.294079633700353,23.405579266499995,1.3102971186,2.1492739484,22.518668082,-1.6373116931381595
LiRh3_mp-1001787_110,bridge_4,0.638020581929573,1.0257319090962218,23.405579266499995,1.3056234064,2.099006128,22.519744451,-1.6373521224719736
LiRh3_mp-1001787_110,hollow_0,4.689544190085218,0.6029493342281808,23.405579266499995,4.8592950251,-0.2652508771,22.4525230784,-1.6524718470824222
LiRh3_mp-1001787_110,hollow_1,1.6442411951344187,1.448514483964265,23.405579266499995,1.3462677293,2.0944699606,22.5085044353,-1.6370699293727469
LiRh3_mp-1001787_111,bridge_4,3.723798210512096,7.245199588208041,17.7444794936,3.6616597524,7.0911540653,17.2244934157,-1.3317497423119558
LiRh3_mp-1001787_111,bridge_5,2.326830631260084,1.739271259205147,17.7444794936,2.0966509614,1.7436019033,16.6684766377,-1.5673414311780791
LiRh3_mp-1001787_111,ontop_2,5.108514198512087,7.178330928608033,17.7444794936,3.755353227,6.7283027985,17.2751505131,-1.3341465074467194
LiRh3_mp-1001787_111,ontop_3,0.955885476612087,4.888347963808033,17.7444794936,0.782901364,4.7666819866,16.0941316218,-1.883257755091514
LiCd3_mp-865612_100,bridge_3,3.6369536844999972,5.3461427185000066,18.1703310646,3.6366571366,3.9711010513,17.6373542618,-0.8243124299483935
LiCd3_mp-865612_100,bridge_4,1.2123127263000009,3.817746838300001,18.1703310646,1.212183701,3.8191387984,17.8555521666,-0.3067947741950999
LiCd3_mp-865612_100,hollow_1,2.8287439649999966,5.336880894633336,18.1703310646,3.5964402853,3.9895220703,17.6496613562,-0.8240354791228378
LiCd3_mp-865612_100,hollow_2,0.4041060624333336,3.817735221366664,18.1703310646,-1.0246636802,3.8162371496,17.6406443776,-0.8222183739406659
LiCd3_mp-865612_100,ontop_0,3.6369795843,0.7644420495,18.1703310646,3.6369287773,0.761225907,17.8511731548,-0.6134612888167951
LiCd3_mp-865612_100,ontop_1,1.2123245259999997,5.3183572469,18.1703310646,1.2118669338,6.6954801738,17.7622601828,-0.4959382128171012
LiCd3_mp-865612_110,bridge_2,2.4246067461500003,6.61414269314999,19.6438840703,2.4242855997,6.6141278394,18.8959139126,-0.6348988583167764
LiCd3_mp-865612_110,bridge_3,1.212347298499999,10.167293441599998,19.6438840703,1.2123306749,11.0213260578,18.8508331115,-0.3057150272046492
LiCd3_mp-865612_110,hollow_0,3.6369310966666686,7.22504845826666,19.6438840703,3.6369375051,7.1189576564,18.8418575843,-0.7352343746056968
LiCd3_mp-865612_110,hollow_1,3.636939238833332,1.9021616762260112,19.6438840703,3.6369229617,2.1072903844,18.8335777801,-0.3064528180564578
LiCd3_mp-865612_110,ontop_0,1.2123447476999998,8.446859988499998,19.6438840703,1.2124247505,6.2357306541,18.823890474,-0.7365189486061744
LiCd3_mp-865612_110,ontop_1,3.6369648235,10.167293441599998,19.6438840703,3.6368880363,7.2453038511,18.8085757117,-0.740083824323382
LiCd3_mp-865612_111,bridge_9,5.376168863421889,4.00582084994261,18.9198732193,6.0926942305,4.000902197,17.7670922084,-0.9548662875701496
LiCd3_mp-865612_111,hollow_3,7.137284179723347,0.9942576882148318,18.9198732193,7.4098067785,1.2346924795,17.6078744936,-0.8207885468436849
LiCd3_mp-865612_111,hollow_4,4.341611511405223,3.582769229609269,18.9198732193,6.0636642487,3.9644058225,17.7525030171,-0.9552335584731644
LiCd3_mp-865612_111,ontop_2,4.960221527971888,1.4014774751426144,18.9198732193,7.160391724,1.4529941437,17.5638642917,-0.8219009937735626
LiAu3_mp-11248_100,hollow_0,3.021240074366669,1.6784745963666654,22.173631659899996,3.0212555908,1.0883317613,21.8966469596,-0.8521674176536932
LiAu3_mp-11248_100,hollow_1,1.0070713590333353,3.6926407726666683,22.173631659899996,1.0070784005,3.1273614721,21.8897482339,-0.8516849976284374
LiPb3_mp-1185275_110,bridge_0,0.9609424062733883,1.3903336502000017,20.3392584267,0.9609473427,1.3903409449,19.4619228051,-0.5294168635523098
LiPb3_mp-1185275_110,bridge_1,1.077409289126723e-06,4.51137304410951e-06,20.3392584267,-0.381896057,-0.5525337915,19.0977501777,-0.7436784924405018
LiPb3_mp-1185275_110,bridge_2,2.9725255473359016,4.51137304410951e-06,20.3392584267,4.6461461649,-1.1567553785,19.226957675,-0.6849858700317131
LiPb3_mp-1185275_110,ontop_0,-0.08970327669999979,4.1709879658,20.3392584267,-0.0897099302,4.1709876448,20.7307354213,0.2830323796873901
LiPb3_mp-1185275_111,hollow_2,5.780756534661492,0.968334975324044,16.503529931399996,5.7437099607,-0.0822342346,15.9408727971,-0.1930748940740323
LiCa3_mp-1185350_100,bridge_1,1.5528702012000002,2.851895387800002,19.5391668085,1.5535336113,3.6292487436,18.8411287759,-0.2857742275638688
LiCa3_mp-1185350_100,bridge_2,1.5531966045499894,4.739114773850004,19.5391668085,1.5531320363,4.7388556617,18.9155668481,-0.294935783484706
LiCa3_mp-1185350_100,bridge_3,4.6596239845499925,4.739114773850004,19.5391668085,4.6595757701,4.7378930675,20.1997452072,0.5140682216803212
LiCa3_mp-1185350_100,hollow_0,0.5176120100999997,1.581728786833339,19.5391668085,1.5538304239,1.6552460245,19.0535057154,-0.2678333120795856
LiCa3_mp-1185350_100,hollow_1,2.588781198999991,5.3681879025333386,19.5391668085,1.7647027582,5.1880561485,18.8841628583,-0.2922958654334298
LiCa3_mp-1185350_100,ontop_0,4.6592975812,2.8518953878,19.5391668085,4.6600792314,0.2831775711,18.5881421341,-0.0425227894652639
LiCa3_mp-1185350_110,bridge_4,6.2128538857499995,1.642244080655463,21.4582723953,6.2125655695,1.6420282173,20.7086504202,-0.1118762792001244
LiCa3_mp-1185350_110,hollow_0,1.5531978388000003,8.981803340033338,21.4582723953,1.5531850539,8.8510749624,21.3080163615,-0.0852963755193713
LiCa3_mp-1185350_110,hollow_1,5.6951158655333325,0.22351188217395007,21.4582723953,4.8220462958,0.3555618201,20.7643604482,-0.3602737291002977
LiCa3_mp-1185350_110,ontop_0,1.5532450615999993,12.768571192800003,21.4582723953,1.5532083563,16.111572266,20.9078751117,-0.3795880665277342
LiCa3_mp-1185350_110,ontop_1,4.6596398251,10.523546469400001,21.4582723953,4.6596474587,13.3021754411,20.8835938769,-0.3732232207449919
LiCa3_mp-1185350_111,hollow_0,8.128267565745423,6.467876383583258,20.166774862699995,8.5496436447,6.8900623759,19.4820510826,-0.5876482500109971
LiCa3_mp-1185350_111,ontop_0,5.391987753726818,6.945991788316586,20.166774862699995,2.8942928243,5.7545050684,18.8221893236,-0.7058456802858102
LiCa3_mp-1185350_111,ontop_1,7.125001065726814,3.2985861463165858,20.166774862699995,7.9887345451,6.4786601962,19.4510371988,-0.578193457240695
Li3Ni_mp-1185214_110,bridge_3,3.349051308650007,5.18846463780001,18.9315604109,3.3486361216,7.1399025369,17.9406568064,-3.455336520923604
Li3Ni_mp-1185214_110,hollow_0,2.6048915560666677,4.889208572033337,18.9315604109,3.4262650976,6.5447971902,17.8465888972,-3.537426856093721
Li3Ni_mp-1185214_110,hollow_1,0.37222831439999954,2.215425781949767,18.9315604109,1.3690598685,2.6293709378,17.8771156098,-3.463918385584839
Li3Ni_mp-1185214_110,ontop_0,3.348942134400002,7.481200298,18.9315604109,3.3490260971,7.2302267106,17.9257995841,-3.460315982625542
Li3Ni_mp-1185214_110,ontop_1,1.1162734093999997,8.8763616795,18.9315604109,1.1162610111,4.7294797341,17.9394062188,-3.459326484967061
Li3Ni_mp-1185214_111,bridge_6,3.7026362102053207,1.1236373902892713,18.939934447100004,2.4542625808,2.9681988534,17.0228835246,-3.197597581076965
Li3Ni_mp-1185214_111,hollow_1,1.9680745831943822,4.804672316879691,18.939934447100004,1.7621708238,3.4836745248,17.1993976712,-4.155246608457022
Li3Ni_mp-1185214_111,hollow_2,3.958343566697856,0.18017602287024365,18.939934447100004,5.2797657349,-0.6106215195,16.6419994184,-3.542396736669
Li3Ni_mp-1185214_111,ontop_1,3.7791536286277205,5.271893238746357,18.939934447100004,5.4148631094,5.8626918331,17.1568894785,-3.992534941456682
Li3Ni_mp-1185214_111,ontop_2,5.16208744492772,2.042953710846357,18.939934447100004,7.3240691701,2.5554958128,16.8827619994,-3.4701343428343114
LiSn3_mp-1185461_100,hollow_1,1.1376809947431952,7.456677723900001,23.542909843700002,1.1376810443,8.0307479018,22.9598856511,-0.5478232762929636
LiSn3_mp-1185461_100,hollow_2,3.413043131756806,6.693058071200006,23.542909843700002,3.4130440841,6.0350003431,23.0702172891,-0.6819736075089347
LiSn3_mp-1185461_100,hollow_3,3.4130434656234736,0.3683058790404937,23.542909843700002,3.413043169,1.0655846276,22.7835491968,-0.4732378493216509
LiSn3_mp-1185461_110,bridge_0,2.866012853406989,1.37433778221671e-06,19.9340050682,4.5826208852,-1.1644845856,18.9762262706,-0.8685770360942913
LiSn3_mp-1185461_110,bridge_1,1.806439015499999,2.662956088300001,19.9340050682,2.3500016362,3.4642463282,18.8901584262,-0.8771790997813038
LiSn3_mp-1185461_110,bridge_2,2.7096577866930067,3.9944333383622244,19.9340050682,2.7096586646,3.9944321068,18.9817529922,-0.8710334336607
LiSn3_mp-1185461_110,ontop_0,-0.15635359360000012,3.9944335522,19.9340050682,-0.156351329,3.9944351597,20.2432902757,0.105802862067838
Li3Au_mp-1185200_100,hollow_0,1.6883812343666693,2.7814268509000057,22.239823002300003,1.0402611959,1.6456031485,21.9780427139,-0.540310158410957
Li3Au_mp-1185200_100,hollow_1,3.03908017942566,4.0484443508000085,22.239823002300003,3.0390834353,4.6179563227,22.1528367292,-0.1261196103295513
Li3Au_mp-1185200_100,hollow_2,3.7144290072256623,0.9502749389099846,22.239823002300003,4.893583655,0.9502712992,22.0350571095,-0.5443694135640814
LiHg3_mp-1079267_100,bridge_0,3.533332193600003,2.5426222139000054,18.749644555,3.5329466723,3.583608802,17.6151949545,-0.8625447108995781
LiHg3_mp-1079267_100,bridge_3,1.1777816268000012,4.079427194649999,18.749644555,1.1795840754,4.0801998926,18.0679335265,-0.3501743404408983
LiHg3_mp-1079267_100,hollow_0,4.318196399066671,1.3916798377333366,18.749644555,3.6606944595,1.1078352108,17.9461615681,-0.6671678453130798
LiHg3_mp-1079267_100,hollow_1,4.318196399066667,3.5671588677333435,18.749644555,3.5809458493,3.7352600222,17.629065655,-0.8614969713170862
LiHg3_mp-1079267_100,ontop_0,1.1774623099999997,5.6162321754,18.749644555,1.1768036605,6.9478339967,17.9932809628,-0.6388656287230966
LiHg3_mp-1079267_110,bridge_0,8.095900000252358e-06,7.065147147700006,20.4554823875,-0.0002145078,7.0652961543,19.0299432621,-0.852702850930205
LiHg3_mp-1079267_110,bridge_3,4.710453347349995,1.4134486357590135,20.4554823875,4.7101522591,1.4127164169,20.4143379348,0.0121637611111078
LiHg3_mp-1079267_110,hollow_0,3.532836352766665,2.0876895256393424,20.4554823875,3.5328423024,1.7403553822,20.4056060353,0.0579413292608504
LiHg3_mp-1079267_110,ontop_0,1.1776264785000001,9.0857299706,20.4554823875,1.1776321689,6.704713541,19.0849232488,-0.9374990482635256
LiHg3_mp-1079267_110,ontop_1,1.1776023635999997,3.4361713054,20.4554823875,1.1770207721,6.6983047746,18.8064234225,-1.0003366961560545
LiHg3_mp-1079267_111,hollow_0,7.531697799556457,0.19361135848909053,19.5455125141,6.4917537882,0.138578899,18.5370222043,-1.2567225450558073
LiHg3_mp-1079267_111,ontop_2,4.269305694588108,6.286053004785819,19.5455125141,2.3263548148,5.5606070357,17.4164323803,-1.4935041136138016
LiHg3_mp-1079267_111,ontop_3,0.45309710108810763,2.3125675246858206,19.5455125141,-0.0214859015,0.7464770496,15.9775119904,-1.6869317300156983
